,0,1
0,1301,極洋
1,1332,日本水産
2,1333,マルハニチロ
3,1375,雪国まいたけ
4,1376,カネコ種苗
5,1377,サカタのタネ
6,1379,ホクト
7,1380,秋川牧園
8,1381,アクシーズ
9,1382,ホーブ
10,1383,ベルグアース
11,1384,ホクリヨウ
12,1400,ルーデン・ホールディングス
13,1401,エムビーエス
14,1407,ウエストホールディングス
15,1414,ショーボンドホールディングス
16,1417,ミライト・ワン
17,1418,インターライフホールディングス
18,1419,タマホーム
19,1420,サンヨーホームズ
20,1429,日本アクア
21,1430,ファーストコーポレーション
22,1431,Ｌｉｂ　Ｗｏｒｋ
23,1433,ベステラ
24,1434,ＪＥＳＣＯホールディングス
25,1435,Ｒｏｂｏｔ　Ｈｏｍｅ
26,1436,フィット
27,1438,岐阜造園
28,1439,安江工務店
29,1443,技研ホールディングス
30,1444,ニッソウ
31,1446,キャンディル
32,1447,ＩＴｂｏｏｋホールディングス
33,1450,田中建設工業
34,1451,ＫＨＣ
35,1491,中外鉱業
36,1514,住石ホールディングス
37,1515,日鉄鉱業
38,1518,三井松島ホールディングス
39,1605,ＩＮＰＥＸ
40,1662,石油資源開発
41,1663,Ｋ＆Ｏエナジーグループ
42,1711,ＳＤＳホールディングス
43,1712,ダイセキ環境ソリューション
44,1716,第一カッター興業
45,1717,明豊ファシリティワークス
46,1718,美樹工業
47,1719,安藤・間
48,1720,東急建設
49,1721,コムシスホールディングス
50,1723,日本電技
51,1724,シンクレイヤ
52,1726,ビーアールホールディングス
53,1730,麻生フオームクリート
54,1736,オーテック
55,1739,メルディアＤＣ
56,1743,コーアツ工業
57,1757,中小企業ホールディングス
58,1758,太洋基礎工業
59,1762,高松コンストラクショングループ
60,1764,工藤建設
61,1766,東建コーポレーション
62,1768,ソネック
63,1770,藤田エンジニアリング
64,1775,富士古河Ｅ＆Ｃ
65,1776,三井住建道路
66,1780,ヤマウラ
67,1783,アジアゲートホールディングス
68,1786,オリエンタル白石
69,1787,ナカボーテック
70,1788,三東工業社
71,1789,ＥＴＳホールディングス
72,1793,大本組
73,1795,マサル
74,1798,守谷商会
75,1799,第一建設工業
76,1801,大成建設
77,1802,大林組
78,1803,清水建設
79,1805,飛島建設
80,1807,佐藤渡辺
81,1808,長谷工コーポレーション
82,1810,松井建設
83,1811,錢高組
84,1812,鹿島建設
85,1813,不動テトラ
86,1814,大末建設
87,1815,鉄建建設
88,1820,西松建設
89,1821,三井住友建設
90,1822,大豊建設
91,1826,佐田建設
92,1827,ナカノフドー建設
93,1828,田辺工業
94,1833,奥村組
95,1835,東鉄工業
96,1840,土屋ホールディングス
97,1841,サンユー建設
98,1844,大盛工業
99,1847,イチケン
100,1848,富士ピー・エス
101,1850,南海辰村建設
102,1852,淺沼組
103,1853,森組
104,1860,戸田建設
105,1861,熊谷組
106,1866,北野建設
107,1867,植木組
108,1870,矢作建設工業
109,1871,ピーエス三菱
110,1873,日本ハウスホールディングス
111,1878,大東建託
112,1879,新日本建設
113,1882,東亜道路工業
114,1884,日本道路
115,1885,東亜建設工業
116,1887,日本国土開発
117,1888,若築建設
118,1890,東洋建設
119,1893,五洋建設
120,1897,金下建設
121,1898,世紀東急工業
122,1899,福田組
123,1904,大成温調
124,1905,テノックス
125,1909,日本ドライケミカル
126,1911,住友林業
127,1914,日本基礎技術
128,1921,巴コーポレーション
129,1925,大和ハウス工業
130,1926,ライト工業
131,1928,積水ハウス
132,1929,日特建設
133,1930,北陸電気工事
134,1934,ユアテック
135,1938,日本リーテック
136,1939,四電工
137,1941,中電工
138,1942,関電工
139,1944,きんでん
140,1945,東京エネシス
141,1946,トーエネック
142,1948,弘電社
143,1949,住友電設
144,1950,日本電設工業
145,1951,エクシオグループ
146,1952,新日本空調
147,1954,日本工営
148,1959,九電工
149,1960,サンテック
150,1961,三機工業
151,1963,日揮ホールディングス
152,1964,中外炉工業
153,1965,テクノ菱和
154,1966,高田工業所
155,1967,ヤマト
156,1968,太平電業
157,1969,高砂熱学工業
158,1971,中央ビルト工業
159,1972,三晃金属工業
160,1973,ＮＥＣネッツエスアイ
161,1975,朝日工業社
162,1976,明星工業
163,1979,大氣社
164,1980,ダイダン
165,1981,協和日成
166,1982,日比谷総合設備
167,1992,神田通信機
168,1994,高橋カーテンウォール工業
169,1997,暁飯島工業
170,2001,ニップン
171,2002,日清製粉グループ本社
172,2003,日東富士製粉
173,2004,昭和産業
174,2009,鳥越製粉
175,2053,中部飼料
176,2055,日和産業
177,2060,フィード・ワン
178,2107,東洋精糖
179,2108,日本甜菜製糖
180,2109,ＤＭ三井製糖ホールディングス
181,2112,塩水港精糖
182,2114,フジ日本精糖
183,2117,日新製糖
184,2120,ＬＩＦＵＬＬ
185,2121,ＭＩＸＩ
186,2122,インタースペース
187,2124,ジェイエイシーリクルートメント
188,2127,日本Ｍ＆Ａセンターホールディングス
189,2130,メンバーズ
190,2134,燦キャピタルマネージメント
191,2136,ヒップ
192,2138,クルーズ
193,2139,中広
194,2146,ＵＴグループ
195,2148,アイティメディア
196,2150,ケアネット
197,2152,幼児活動研究会
198,2153,Ｅ・Ｊホールディングス
199,2154,夢真ビーネックスグループ
200,2156,セーラー広告
201,2157,コシダカホールディングス
202,2158,ＦＲＯＮＴＥＯ
203,2160,ジーエヌアイグループ
204,2162,ｎｍｓ　ホールディングス
205,2163,アルトナー
206,2164,地域新聞社
207,2168,パソナグループ
208,2169,ＣＤＳ
209,2170,リンクアンドモチベーション
210,2173,博展
211,2175,エス・エム・エス
212,2179,成学社
213,2180,サニーサイドアップグループ
214,2181,パーソルホールディングス
215,2183,リニカル
216,2185,シイエム・シイ
217,2186,ソーバル
218,2193,クックパッド
219,2195,アミタホールディングス
220,2196,エスクリ
221,2198,アイ・ケイ・ケイホールディングス
222,2201,森永製菓
223,2204,中村屋
224,2206,江崎グリコ
225,2207,名糖産業
226,2208,ブルボン
227,2209,井村屋グループ
228,2211,不二家
229,2212,山崎製パン
230,2215,第一屋製パン
231,2216,カンロ
232,2217,モロゾフ
233,2220,亀田製菓
234,2221,岩塚製菓
235,2222,寿スピリッツ
236,2224,コモ
237,2226,湖池屋
238,2229,カルビー
239,2264,森永乳業
240,2266,六甲バター
241,2267,ヤクルト本社
242,2268,Ｂ−Ｒ　サーティワン　アイスクリーム
243,2269,明治ホールディングス
244,2270,雪印メグミルク
245,2281,プリマハム
246,2282,日本ハム
247,2286,林兼産業
248,2288,丸大食品
249,2291,福留ハム
250,2292,Ｓ　Ｆｏｏｄｓ
251,2293,滝沢ハム
252,2294,柿安本店
253,2296,伊藤ハム米久ホールディングス
254,2300,きょくとう
255,2301,学情
256,2303,ドーン
257,2304,ＣＳＳホールディングス
258,2305,スタジオアリス
259,2307,クロスキャット
260,2309,シミックホールディングス
261,2311,エプコ
262,2315,ＣＡＩＣＡ　ＤＩＧＩＴＡＬ
263,2317,システナ
264,2321,ソフトフロントホールディングス
265,2323,ｆｏｎｆｕｎ
266,2325,ＮＪＳ
267,2326,デジタルアーツ
268,2327,日鉄ソリューションズ
269,2329,東北新社
270,2330,フォーサイド
271,2331,綜合警備保障
272,2332,クエスト
273,2334,イオレ
274,2335,キューブシステム
275,2337,いちご
276,2338,クオンタムソリューションズ
277,2340,極楽湯ホールディングス
278,2341,アルバイトタイムス
279,2342,トランスジェニック
280,2344,平安レイサービス
281,2345,クシム
282,2349,エヌアイデイ
283,2351,ＡＳＪ
284,2353,日本駐車場開発
285,2354,ＹＥ　ＤＩＧＩＴＡＬ
286,2359,コア
287,2370,メディネット
288,2371,カカクコム
289,2372,アイロムグループ
290,2373,ケア２１
291,2374,セントケア・ホールディング
292,2375,ギグワークス
293,2376,サイネックス
294,2378,ルネサンス
295,2379,ディップ
296,2384,ＳＢＳホールディングス
297,2385,総医研ホールディングス
298,2388,ウェッジホールディングス
299,2389,デジタルホールディングス
300,2391,プラネット
301,2393,日本ケアサプライ
302,2395,新日本科学
303,2397,ＤＮＡチップ研究所
304,2402,アマナ
305,2404,鉄人化計画
306,2408,ＫＧ情報
307,2410,キャリアデザインセンター
308,2411,ゲンダイエージェンシー
309,2412,ベネフィット・ワン
310,2413,エムスリー
311,2415,ヒューマンホールディングス
312,2418,ツカダ・グローバルホールディング
313,2424,ブラス
314,2425,ケアサービス
315,2427,アウトソーシング
316,2428,ウェルネット
317,2429,ワールドホールディングス
318,2432,ディー・エヌ・エー
319,2433,博報堂ＤＹホールディングス
320,2435,シダー
321,2436,共同ピーアール
322,2437,Ｓｈｉｎｗａ　Ｗｉｓｅ　Ｈｏｌｄｉｎｇｓ
323,2438,アスカネット
324,2440,ぐるなび
325,2445,タカミヤ
326,2449,プラップジャパン
327,2453,ジャパンベストレスキューシステム
328,2454,オールアバウト
329,2459,アウンコンサルティング
330,2461,ファンコミュニケーションズ
331,2462,ライク
332,2464,ビジネス・ブレークスルー
333,2468,フュートレック
334,2469,ヒビノ
335,2471,エスプール
336,2475,ＷＤＢホールディングス
337,2477,手間いらず
338,2479,ジェイテック
339,2480,システム・ロケーション
340,2481,タウンニュース社
341,2483,翻訳センター
342,2484,出前館
343,2485,ティア
344,2487,ＣＤＧ
345,2488,ＪＴＰ
346,2489,アドウェイズ
347,2491,バリューコマース
348,2492,インフォマート
349,2493,イーサポートリンク
350,2497,ユナイテッド
351,2498,オリエンタルコンサルタンツホールディングス
352,2499,日本和装ホールディングス
353,2501,サッポロホールディングス
354,2502,アサヒグループホールディングス
355,2503,キリンホールディングス
356,2531,宝ホールディングス
357,2533,オエノンホールディングス
358,2540,養命酒製造
359,2573,北海道コカ・コーラボトリング
360,2579,コカ・コーラ　ボトラーズジャパンホールディングス
361,2585,ライフドリンク　カンパニー
362,2586,フルッタフルッタ
363,2587,サントリー食品インターナショナル
364,2588,プレミアムウォーターホールディングス
365,2590,ダイドーグループホールディングス
366,2593,伊藤園
367,25935,伊藤園 優先株式
368,2594,キーコーヒー
369,2597,ユニカフェ
370,2599,ジャパンフーズ
371,2602,日清オイリオグループ
372,2607,不二製油グループ本社
373,2612,かどや製油
374,2613,Ｊ−オイルミルズ
375,2651,ローソン
376,2652,まんだらけ
377,2653,イオン九州
378,2654,アスモ
379,2656,ベクター
380,2659,サンエー
381,2664,カワチ薬品
382,2666,オートウェーブ
383,2667,イメージ　ワン
384,2668,タビオ
385,2669,カネ美食品
386,2670,エービーシー・マート
387,2673,夢みつけ隊
388,2674,ハードオフコーポレーション
389,2676,高千穂交易
390,2678,アスクル
391,2681,ゲオホールディングス
392,2683,魚喜
393,2685,アダストリア
394,2686,ジーフット
395,2687,シー・ヴイ・エス・ベイエリア
396,2689,オルバヘルスケアホールディングス
397,2692,伊藤忠食品
398,2693,ＹＫＴ
399,2694,焼肉坂井ホールディングス
400,2695,くら寿司
401,2698,キャンドゥ
402,2700,木徳神糧
403,2702,日本マクドナルドホールディングス
404,2705,大戸屋ホールディングス
405,2706,ブロッコリー
406,2708,久世
407,2715,エレマテック
408,2721,ジェイホールディングス
409,2722,アイケイ
410,2726,パルグループホールディングス
411,2730,エディオン
412,2733,あらた
413,2734,サーラコーポレーション
414,2735,ワッツ
415,2736,フェスタリアホールディングス
416,2737,トーメンデバイス
417,2742,ハローズ
418,2743,ピクセルカンパニーズ
419,2747,北雄ラッキー
420,2749,ＪＰホールディングス
421,2750,石光商事
422,2751,テンポスホールディングス
423,2752,フジオフードグループ本社
424,2753,あみやき亭
425,2754,東葛ホールディングス
426,2760,東京エレクトロン　デバイス
427,2761,トシン・グループ
428,2762,ＳＡＮＫＯ　ＭＡＲＫＥＴＩＮＧ　ＦＯＯＤＳ
429,2763,エフティグループ
430,2764,ひらまつ
431,2767,円谷フィールズホールディングス
432,2768,双日
433,2769,ウ゛ィレッジウ゛ァンガードコーポレーション
434,2776,新都ホールディングス
435,2777,カッシーナ・イクスシー
436,2778,パレモ・ホールディングス
437,2780,コメ兵ホールディングス
438,2782,セリア
439,2784,アルフレッサ　ホールディングス
440,2788,アップルインターナショナル
441,2789,カルラ
442,2790,ナフコ
443,2791,大黒天物産
444,2792,ハニーズホールディングス
445,2795,日本プリメックス
446,2796,ファーマライズホールディングス
447,2798,ワイズテーブルコーポレーション
448,2801,キッコーマン
449,2802,味の素
450,2804,ブルドックソース
451,2805,ヱスビー食品
452,2806,ユタカフーズ
453,2809,キユーピー
454,2810,ハウス食品グループ本社
455,2811,カゴメ
456,2812,焼津水産化学工業
457,2813,和弘食品
458,2814,佐藤食品工業
459,2815,アリアケジャパン
460,2816,ダイショー
461,2818,ピエトロ
462,2819,エバラ食品工業
463,2820,やまみ
464,2830,アヲハタ
465,2831,はごろもフーズ
466,2871,ニチレイ
467,2872,セイヒョー
468,2874,横浜冷凍
469,2875,東洋水産
470,2876,デルソーレ
471,2877,日東ベスト
472,2882,イートアンドホールディングス
473,2883,大冷
474,2884,ヨシムラ・フード・ホールディングス
475,2892,日本食品化工
476,2894,石井食品
477,2897,日清食品ホールディングス
478,2899,永谷園ホールディングス
479,2901,石垣食品
480,2903,シノブフーズ
481,2904,一正蒲鉾
482,2907,あじかん
483,2908,フジッコ
484,2910,ロック・フィールド
485,2911,旭松食品
486,2914,日本たばこ産業
487,2915,ケンコーマヨネーズ
488,2916,仙波糖化工業
489,2917,大森屋
490,2918,わらべや日洋ホールディングス
491,2922,なとり
492,2923,サトウ食品
493,2924,イフジ産業
494,2926,篠崎屋
495,2927,ＡＦＣ−ＨＤアムスライフサイエンス
496,2929,ファーマフーズ
497,2930,北の達人コーポレーション
498,2931,ユーグレナ
499,2932,ＳＴＩフードホールディングス
500,2933,紀文食品
501,2934,ジェイフロンティア
502,2935,ピックルスホールディングス
503,2961,日本調理機
504,2970,グッドライフカンパニー
505,2975,スター・マイカ・ホールディングス
506,2978,ツクルバ
507,2980,ＳＲＥホールディングス
508,2981,ランディックス
509,2982,ＡＤワークスグループ
510,2983,アールプランナー
511,2984,ヤマイチ・ユニハイムエステート
512,2986,ＬＡホールディングス
513,2987,タスキ
514,2991,ランドネット
515,2993,長栄
516,2997,ストレージ王
517,2998,クリアル
518,2999,ホームポジション
519,3001,片倉工業
520,3002,グンゼ
521,3003,ヒューリック
522,3004,神栄
523,3010,ポラリス・ホールディングス
524,3011,バナーズ
525,3020,アプライド
526,3021,パシフィックネット
527,3023,ラサ商事
528,3024,クリエイト
529,3028,アルペン
530,3030,ハブ
531,3031,ラクーンホールディングス
532,3034,クオールホールディングス
533,3035,ケイティケイ
534,3036,アルコニックス
535,3038,神戸物産
536,3040,ソリトンシステムズ
537,3041,ビューティ花壇
538,3042,セキュアヴェイル
539,3045,カワサキ
540,3046,ジンズホールディングス
541,3048,ビックカメラ
542,3050,ＤＣＭホールディングス
543,3053,ペッパーフードサービス
544,3054,ハイパー
545,3058,三洋堂ホールディングス
546,3059,ヒラキ
547,3063,ジェイグループホールディングス
548,3064,ＭｏｎｏｔａＲＯ
549,3065,ライフフーズ
550,3067,東京一番フーズ
551,3068,ＷＤＩ
552,3069,ＪＦＬＡホールディングス
553,3070,アマガサ
554,3071,ストリーム
555,3073,ＤＤホールディングス
556,3075,銚子丸
557,3076,あい　ホールディングス
558,3077,ホリイフードサービス
559,3079,ディーブイエックス
560,3080,ジェーソン
561,3082,きちりホールディングス
562,3083,シーズメン
563,3085,アークランドサービスホールディングス
564,3086,Ｊ．フロント　リテイリング
565,3087,ドトール・日レスホールディングス
566,3088,マツキヨココカラ＆カンパニー
567,3089,テクノアルファ
568,3091,ブロンコビリー
569,3092,ＺＯＺＯ
570,3093,トレジャー・ファクトリー
571,3094,スーパーバリュー
572,3096,オーシャンシステム
573,3097,物語コーポレーション
574,3099,三越伊勢丹ホールディングス
575,3101,東洋紡
576,3103,ユニチカ
577,3104,富士紡ホールディングス
578,3105,日清紡ホールディングス
579,3106,倉敷紡績
580,3107,ダイワボウホールディングス
581,3109,シキボウ
582,3110,日東紡績
583,3111,オーミケンシ
584,3113,Ｏａｋ　キャピタル
585,3116,トヨタ紡織
586,3121,マーチャント・バンカーズ
587,3123,サイボー
588,3131,シンデン・ハイテックス
589,3132,マクニカホールディングス
590,3133,海帆
591,3134,Ｈａｍｅｅ
592,3135,マーケットエンタープライズ
593,3137,ファンデリー
594,3138,富士山マガジンサービス
595,3139,ラクト・ジャパン
596,3140,ＢＲＵＮＯ
597,3141,ウエルシアホールディングス
598,3143,オーウイル
599,3148,クリエイトＳＤホールディングス
600,3150,グリムス
601,3151,バイタルケーエスケー・ホールディングス
602,3153,八洲電機
603,3154,メディアスホールディングス
604,3156,レスターホールディングス
605,3157,ジューテックホールディングス
606,3159,丸善ＣＨＩホールディングス
607,3160,大光
608,3161,アゼアス
609,3166,ＯＣＨＩホールディングス
610,3167,ＴＯＫＡＩホールディングス
611,3168,黒谷
612,3169,ミサワ
613,3172,ティーライフ
614,3173,Ｃｏｍｉｎｉｘ
615,3174,ハピネス・アンド・ディ
616,3175,エー・ピーホールディングス
617,3176,三洋貿易
618,3177,ありがとうサービス
619,3178,チムニー
620,3179,シュッピン
621,3180,ビューティガレージ
622,3181,買取王国
623,3182,オイシックス・ラ・大地
624,3183,ウイン・パートナーズ
625,3184,ＩＣＤＡホールディングス
626,3185,夢展望
627,3186,ネクステージ
628,3187,サンワカンパニー
629,3189,ＡＮＡＰ
630,3190,ホットマン
631,3191,ジョイフル本田
632,3192,白鳩
633,3193,鳥貴族ホールディングス
634,3195,ジェネレーションパス
635,3196,ホットランド
636,3197,すかいらーくホールディングス
637,3198,ＳＦＰホールディングス
638,3199,綿半ホールディングス
639,3201,日本毛織
640,3202,ダイトウボウ
641,3204,トーア紡コーポレーション
642,3205,ダイドーリミテッド
643,3221,ヨシックスホールディングス
644,3222,ユナイテッド・スーパーマーケット・ホールディングス
645,3223,エスエルディー
646,3224,ゼネラル・オイスター
647,3228,三栄建築設計
648,3231,野村不動産ホールディングス
649,3232,三重交通グループホールディングス
650,3236,プロパスト
651,3237,イントランス
652,3238,セントラル総合開発
653,3241,ウィル
654,3242,アーバネットコーポレーション
655,3244,サムティ
656,3245,ディア・ライフ
657,3246,コーセーアールイー
658,3248,アールエイジ
659,3252,地主
660,3254,プレサンスコーポレーション
661,3261,グランディーズ
662,3264,アスコット
663,3266,ファンドクリエーショングループ
664,3267,フィル・カンパニー
665,3271,ＴＨＥグローバル社
666,3275,ハウスコム
667,3276,ＪＰＭＣ
668,3277,サンセイランディック
669,3280,エストラスト
670,3284,フージャースホールディングス
671,3286,トラストホールディングス
672,3288,オープンハウスグループ
673,3289,東急不動産ホールディングス
674,3291,飯田グループホールディングス
675,3293,アズマハウス
676,3294,イーグランド
677,3297,東武住販
678,3299,ムゲンエステート
679,3300,アンビション　ＤＸ　ホールディングス
680,3302,帝国繊維
681,3306,日本製麻
682,3315,日本コークス工業
683,3316,東京日産コンピュータシステム
684,3317,フライングガーデン
685,3319,ゴルフダイジェスト・オンライン
686,3320,クロスプラス
687,3321,ミタチ産業
688,3322,アルファグループ
689,3323,レカム
690,3326,ランシステム
691,3328,ＢＥＥＮＯＳ
692,3329,東和フードサービス
693,3333,あさひ
694,3341,日本調剤
695,3347,トラスト
696,3349,コスモス薬品
697,3350,レッド・プラネット・ジャパン
698,3352,バッファロー
699,3353,メディカル一光グループ
700,3355,クリヤマホールディングス
701,3358,ワイエスフード
702,3359,ｃｏｔｔａ
703,3360,シップヘルスケアホールディングス
704,3361,トーエル
705,3370,フジタコーポレーション
706,3371,ソフトクリエイトホールディングス
707,3372,関門海
708,3374,内外テック
709,3375,ＺＯＡ
710,3377,バイク王＆カンパニー
711,3382,セブン＆アイ・ホールディングス
712,3386,コスモ・バイオ
713,3387,クリエイト・レストランツ・ホールディングス
714,3388,明治電機工業
715,3391,ツルハホールディングス
716,3392,デリカフーズホールディングス
717,3393,スターティアホールディングス
718,3395,サンマルクホールディングス
719,3396,フェリシモ
720,3397,トリドールホールディングス
721,3399,丸千代山岡家
722,3401,帝人
723,3402,東レ
724,3405,クラレ
725,3407,旭化成
726,3409,北日本紡績
727,3415,ＴＯＫＹＯ　ＢＡＳＥ
728,3416,ピクスタ
729,3417,大木ヘルスケアホールディングス
730,3418,バルニバービ
731,3420,ケー・エフ・シー
732,3421,稲葉製作所
733,3422,Ｊ−ＭＡＸ
734,3423,エスイー
735,3426,アトムリビンテック
736,3431,宮地エンジニアリンググループ
737,3433,トーカロ
738,3434,アルファＣｏ
739,3435,サンコーテクノ
740,3436,ＳＵＭＣＯ
741,3437,特殊電極
742,3439,三ツ知
743,3440,日創プロニティ
744,3441,山王
745,3443,川田テクノロジーズ
746,3444,菊池製作所
747,3445,ＲＳ　Ｔｅｃｈｎｏｌｏｇｉｅｓ
748,3446,ジェイテックコーポレーション
749,3447,信和
750,3449,テクノフレックス
751,3452,ビーロット
752,3454,ファーストブラザーズ
753,3457,Ａｎｄ　Ｄｏホールディングス
754,3458,シーアールイー
755,3461,パルマ
756,3464,プロパティエージェント
757,3465,ケイアイスター不動産
758,3467,アグレ都市デザイン
759,3469,デュアルタップ
760,3474,Ｇ−ＦＡＣＴＯＲＹ
761,3475,グッドコムアセット
762,3477,フォーライフ
763,3479,ティーケーピー
764,3480,ジェイ・エス・ビー
765,3482,ロードスターキャピタル
766,3484,テンポイノベーション
767,3486,グローバル・リンク・マネジメント
768,3489,フェイスネットワーク
769,3490,アズ企画設計
770,3491,ＧＡ　ｔｅｃｈｎｏｌｏｇｉｅｓ
771,3494,マリオン
772,3495,香陵住販
773,3496,アズーム
774,3497,ＬｅＴｅｃｈ
775,3498,霞ヶ関キャピタル
776,3501,住江織物
777,3512,日本フエルト
778,3513,イチカワ
779,3521,エコナックホールディングス
780,3524,日東製網
781,3526,芦森工業
782,3528,ミライノベート
783,3529,アツギ
784,3536,アクサスホールディングス
785,3537,昭栄薬品
786,3538,ウイルプラスホールディングス
787,3539,ＪＭホールディングス
788,3540,歯愛メディカル
789,3541,農業総合研究所
790,3542,ベガコーポレーション
791,3543,コメダホールディングス
792,3544,サツドラホールディングス
793,3546,アレンザホールディングス
794,3547,串カツ田中ホールディングス
795,3548,バロックジャパンリミテッド
796,3549,クスリのアオキホールディングス
797,3550,スタジオアタオ
798,3551,ダイニック
799,3553,共和レザー
800,3556,リネットジャパングループ
801,3557,ユナイテッド＆コレクティブ
802,3558,ロコンド
803,3559,ピーバンドットコム
804,3560,ほぼ日
805,3561,力の源ホールディングス
806,3562,Ｎｏ．１
807,3563,ＦＯＯＤ　＆　ＬＩＦＥ　ＣＯＭＰＡＮＩＥＳ
808,3565,アセンテック
809,3566,ユニフォームネクスト
810,3569,セーレン
811,3571,ソトー
812,3577,東海染工
813,3578,倉庫精練
814,3580,小松マテーレ
815,3583,オーベクス
816,3591,ワコールホールディングス
817,3593,ホギメディカル
818,3597,自重堂
819,3598,山喜
820,3600,フジックス
821,3604,川本産業
822,3607,クラウディアホールディングス
823,3608,ＴＳＩホールディングス
824,3611,マツオカコーポレーション
825,3612,ワールド
826,3622,ネットイヤーグループ
827,3623,ビリングシステム
828,3624,アクセルマーク
829,3625,テックファームホールディングス
830,3626,ＴＩＳ
831,3627,ＪＮＳホールディングス
832,3628,データホライゾン
833,3632,グリー
834,3633,ＧＭＯペパボ
835,3634,ソケッツ
836,3635,コーエーテクモホールディングス
837,3636,三菱総合研究所
838,3639,ボルテージ
839,3640,電算
840,3641,パピレス
841,3645,メディカルネット
842,3646,駅探
843,3647,ジー・スリーホールディングス
844,3648,ＡＧＳ
845,3649,ファインデックス
846,3652,ディジタルメディアプロフェッショナル
847,3653,モルフォ
848,3655,ブレインパッド
849,3656,ＫＬａｂ
850,3657,ポールトゥウィンホールディングス
851,3659,ネクソン
852,3660,アイスタイル
853,3661,エムアップホールディングス
854,3662,エイチーム
855,3663,セルシス
856,3664,モブキャストホールディングス
857,3665,エニグモ
858,3666,テクノスジャパン
859,3667,ｅｎｉｓｈ
860,3668,コロプラ
861,3670,協立情報通信
862,3671,ソフトマックス
863,3672,オルトプラス
864,3673,ブロードリーフ
865,3674,オークファン
866,3675,クロス・マーケティンググループ
867,3676,デジタルハーツホールディングス
868,3677,システム情報
869,3678,メディアドゥ
870,3679,じげん
871,3680,ホットリンク
872,3681,ブイキューブ
873,3682,エンカレッジ・テクノロジ
874,3683,サイバーリンクス
875,3686,ディー・エル・イー
876,3687,フィックスターズ
877,3688,ＣＡＲＴＡ　ＨＯＬＤＩＮＧＳ
878,3690,イルグルム
879,3691,デジタルプラス
880,3692,ＦＦＲＩセキュリティ
881,3694,オプティム
882,3695,ＧＭＯリサーチ
883,3696,セレス
884,3697,ＳＨＩＦＴ
885,3698,ＣＲＩ・ミドルウェア
886,3708,特種東海製紙
887,3710,ジョルダン
888,3712,情報企画
889,3719,ジェクシード
890,3723,日本ファルコム
891,3726,フォーシーズＨＤ
892,3727,アプリックス
893,3733,ソフトウェア・サービス
894,3738,ティーガイア
895,3741,セック
896,3744,サイオス
897,3747,インタートレード
898,3750,サイトリ細胞研究所
899,3753,フライトホールディングス
900,3758,アエリア
901,3760,ケイブ
902,3762,テクマトリックス
903,3763,プロシップ
904,3765,ガンホー・オンライン・エンターテイメント
905,3766,システムズ・デザイン
906,3768,リスクモンスター
907,3769,ＧＭＯペイメントゲートウェイ
908,3770,ザッパラス
909,3771,システムリサーチ
910,3772,ウェルス・マネジメント
911,3773,アドバンスト・メディア
912,3774,インターネットイニシアティブ
913,3776,ブロードバンドタワー
914,3777,ＦＨＴホールディングス
915,3778,さくらインターネット
916,3779,ジェイ・エスコムホールディングス
917,3782,ディー・ディー・エス
918,3784,ヴィンクス
919,3787,テクノマセマティカル
920,3788,ＧＭＯグローバルサイン・ホールディングス
921,3791,ＩＧポート
922,3793,ドリコム
923,3796,いい生活
924,3798,ＵＬＳグループ
925,3799,キーウェアソリューションズ
926,3800,ユニリタ
927,3802,エコミック
928,3803,イメージ情報開発
929,3804,システム　ディ
930,3807,フィスコ
931,3810,サイバーステップ
932,3814,アルファクス・フード・システム
933,3815,メディア工房
934,3816,大和コンピューター
935,3817,ＳＲＡホールディングス
936,3823,ＴＨＥ　ＷＨＹ　ＨＯＷ　ＤＯ　ＣＯＭＰＡＮＹ
937,3825,リミックスポイント
938,3826,システムインテグレータ
939,3834,朝日ネット
940,3835,ｅＢＡＳＥ
941,3836,アバントグループ
942,3837,アドソル日進
943,3839,ＯＤＫソリューションズ
944,3840,パス
945,3841,ジーダット
946,3842,ネクストジェン
947,3843,フリービット
948,3844,コムチュア
949,3845,アイフリークモバイル
950,3847,パシフィックシステム
951,3848,データ・アプリケーション
952,3850,エヌ・ティ・ティ・データ・イントラマート
953,3851,日本一ソフトウェア
954,3852,サイバーコム
955,3853,アステリア
956,3854,アイル
957,3856,Ａｂａｌａｎｃｅ
958,3857,ラック
959,3858,ユビキタスＡＩ
960,3861,王子ホールディングス
961,3863,日本製紙
962,3864,三菱製紙
963,3865,北越コーポレーション
964,3877,中越パルプ工業
965,3878,巴川製紙所
966,3880,大王製紙
967,3891,ニッポン高度紙工業
968,3892,岡山製紙
969,3895,ハビックス
970,3896,阿波製紙
971,3900,クラウドワークス
972,3901,マークラインズ
973,3902,メディカル・データ・ビジョン
974,3903,ｇｕｍｉ
975,3904,カヤック
976,3905,データセクション
977,3906,ＡＬＢＥＲＴ
978,3907,シリコンスタジオ
979,3908,コラボス
980,3909,ショーケース
981,3910,エムケイシステム
982,3911,Ａｉｍｉｎｇ
983,3912,モバイルファクトリー
984,3913,ｓＭｅｄｉｏ
985,3914,ＪＩＧ−ＳＡＷ
986,3915,テラスカイ
987,3916,デジタル・インフォメーション・テクノロジー
988,3917,アイリッジ
989,3918,ＰＣＩホールディングス
990,3920,アイビーシー
991,3921,ネオジャパン
992,3922,ＰＲ　ＴＩＭＥＳ
993,3923,ラクス
994,3924,ランドコンピュータ
995,3925,ダブルスタンダード
996,3926,オープンドア
997,3927,フーバーブレイン
998,3928,マイネット
999,3929,ソーシャルワイヤー
1000,3930,はてな
1001,3931,バリューゴルフ
1002,3932,アカツキ
1003,3933,チエル
1004,3934,ベネフィットジャパン
1005,3935,エディア
1006,3936,グローバルウェイ
1007,3937,Ｕｂｉｃｏｍホールディングス
1008,3939,カナミックネットワーク
1009,3940,ノムラシステムコーポレーション
1010,3941,レンゴー
1011,3943,大石産業
1012,3944,古林紙工
1013,3945,スーパーバッグ
1014,3946,トーモク
1015,3947,ダイナパック
1016,3948,光ビジネスフォーム
1017,3950,ザ・パック
1018,3951,朝日印刷
1019,3953,大村紙業
1020,3954,昭和パックス
1021,3955,イムラ封筒
1022,3961,シルバーエッグ・テクノロジー
1023,3962,チェンジ
1024,3963,シンクロ・フード
1025,3964,オークネット
1026,3965,キャピタル・アセット・プランニング
1027,3966,ユーザベース
1028,3967,エルテス
1029,3968,セグエグループ
1030,3969,エイトレッド
1031,3970,イノベーション
1032,3974,ティビィシィ・スキヤツト
1033,3976,シャノン
1034,3978,マクロミル
1035,3979,うるる
1036,3981,ビーグリー
1037,3983,オロ
1038,3984,ユーザーローカル
1039,3985,テモナ
1040,3986,ビーブレイクシステムズ
1041,3987,エコモット
1042,3988,ＳＹＳホールディングス
1043,3989,シェアリングテクノロジー
1044,3990,ＵＵＵＭ
1045,3991,ウォンテッドリー
1046,3992,ニーズウェル
1047,3993,ＰＫＳＨＡ　Ｔｅｃｈｎｏｌｏｇｙ
1048,3994,マネーフォワード
1049,3995,ＳＫＩＹＡＫＩ
1050,3996,サインポスト
1051,3997,トレードワークス
1052,3998,すららネット
1053,3999,ナレッジスイート
1054,4004,昭和電工
1055,4005,住友化学
1056,4008,住友精化
1057,4011,ヘッドウォータース
1058,4012,アクシス
1059,4013,勤次郎
1060,4014,カラダノート
1061,4015,アララ
1062,4016,ＭＩＴホールディングス
1063,4017,クリーマ
1064,4019,スタメン
1065,4020,ビートレンド
1066,4021,日産化学
1067,4022,ラサ工業
1068,4023,クレハ
1069,4025,多木化学
1070,4026,神島化学工業
1071,4027,テイカ
1072,4028,石原産業
1073,4031,片倉コープアグリ
1074,4041,日本曹達
1075,4042,東ソー
1076,4043,トクヤマ
1077,4044,セントラル硝子
1078,4045,東亞合成
1079,4046,大阪ソーダ
1080,4047,関東電化工業
1081,4051,ＧＭＯフィナンシャルゲート
1082,4052,フィーチャ
1083,4053,Ｓｕｎ　Ａｓｔｅｒｉｓｋ
1084,4054,日本情報クリエイト
1085,4055,ティアンドエス
1086,4056,ニューラルポケット
1087,4057,インターファクトリー
1088,4058,トヨクモ
1089,4059,まぐまぐ
1090,4060,ｒａｋｕｍｏ
1091,4061,デンカ
1092,4062,イビデン
1093,4063,信越化学工業
1094,4064,日本カーバイド工業
1095,4068,ベイシス
1096,4069,ＢｌｕｅＭｅｍｅ
1097,4071,プラスアルファ・コンサルティング
1098,4072,電算システムホールディングス
1099,4073,ジィ・シィ企画
1100,4074,ラキール
1101,4075,ブレインズテクノロジー
1102,4076,シイエヌエス
1103,4078,堺化学工業
1104,4080,田中化学研究所
1105,4082,第一稀元素化学工業
1106,4088,エア・ウォーター
1107,4091,日本酸素ホールディングス
1108,4092,日本化学工業
1109,4093,東邦アセチレン
1110,4094,日本化学産業
1111,4095,日本パーカライジング
1112,4097,高圧ガス工業
1113,4098,チタン工業
1114,4099,四国化成工業
1115,4100,戸田工業
1116,4102,丸尾カルシウム
1117,4107,伊勢化学工業
1118,4109,ステラ　ケミファ
1119,4112,保土谷化学工業
1120,4113,田岡化学工業
1121,4114,日本触媒
1122,4116,大日精化工業
1123,4118,カネカ
1124,4119,日本ピグメント
1125,4120,スガイ化学工業
1126,4124,大阪油化工業
1127,4125,三和油化工業
1128,4151,協和キリン
1129,4165,プレイド
1130,4166,かっこ
1131,4167,ココペリ
1132,4168,ヤプリ
1133,4169,ＥＮＥＣＨＡＮＧＥ
1134,4170,Ｋａｉｚｅｎ　Ｐｌａｔｆｏｒｍ
1135,4171,グローバルインフォメーション
1136,4172,東和ハイシステム
1137,4173,ＷＡＣＵＬ
1138,4174,アピリッツ
1139,4175,ｃｏｌｙ
1140,4176,ココナラ
1141,4177,ｉ‐ｐｌｕｇ
1142,4178,Ｓｈａｒｉｎｇ　Ｉｎｎｏｖａｔｉｏｎｓ
1143,4179,ジーネクスト
1144,4180,Ａｐｐｉｅｒ　Ｇｒｏｕｐ
1145,4182,三菱瓦斯化学
1146,4183,三井化学
1147,4185,ＪＳＲ
1148,4186,東京応化工業
1149,4187,大阪有機化学工業
1150,4188,三菱ケミカルグループ
1151,4189,ＫＨネオケム
1152,4192,スパイダープラス
1153,4193,ファブリカコミュニケーションズ
1154,4194,ビジョナル
1155,4196,ネオマーケティング
1156,4198,テンダ
1157,4199,ワンダープラネット
1158,4200,ＨＣＳホールディングス
1159,4202,ダイセル
1160,4203,住友ベークライト
1161,4204,積水化学工業
1162,4205,日本ゼオン
1163,4206,アイカ工業
1164,4208,ＵＢＥ
1165,4212,積水樹脂
1166,4215,タキロンシーアイ
1167,4216,旭有機材
1168,4218,ニチバン
1169,4220,リケンテクノス
1170,4221,大倉工業
1171,4222,児玉化学工業
1172,4224,ロンシール工業
1173,4228,積水化成品工業
1174,4229,群栄化学工業
1175,4231,タイガースポリマー
1176,4234,サンエー化研
1177,4235,ウルトラファブリックス・ホールディングス
1178,4237,フジプレアム
1179,4238,ミライアル
1180,4240,クラスターテクノロジー
1181,4241,アテクト
1182,4242,タカギセイコー
1183,4243,ニックス
1184,4245,ダイキアクシス
1185,4246,ダイキョーニシカワ
1186,4247,ポバール興業
1187,4248,竹本容器
1188,4249,森六ホールディングス
1189,4251,恵和
1190,4255,ＴＨＥＣＯＯ
1191,4256,サインド
1192,4258,網屋
1193,4259,エクサウィザーズ
1194,4260,ハイブリッドテクノロジーズ
1195,4261,アジアクエスト
1196,4262,ニフティライフスタイル
1197,4263,サスメド
1198,4264,セキュア
1199,4265,Ｉｎｓｔｉｔｕｔｉｏｎ　ｆｏｒ　ａ　Ｇｌｏｂａｌ　Ｓｏｃｉｅｔｙ
1200,4267,ライトワークス
1201,4268,エッジテクノロジー
1202,4270,ＢｅｅＸ
1203,4272,日本化薬
1204,4274,細谷火工
1205,4275,カーリットホールディングス
1206,4284,ソルクシーズ
1207,4286,ＣＬホールディングス
1208,4287,ジャストプランニング
1209,4288,アズジェント
1210,4290,プレステージ・インターナショナル
1211,4293,セプテーニ・ホールディングス
1212,4295,フェイス
1213,4298,プロトコーポレーション
1214,4299,ハイマックス
1215,4301,アミューズ
1216,4304,Ｅストアー
1217,4307,野村総合研究所
1218,4308,Ｊストリーム
1219,4310,ドリームインキュベータ
1220,4312,サイバネットシステム
1221,4316,ビーマップ
1222,4317,レイ
1223,4318,クイック
1224,4319,ＴＡＣ
1225,4320,ＣＥホールディングス
1226,4323,日本システム技術
1227,4324,電通グループ
1228,4326,インテージホールディングス
1229,4327,日本エス・エイチ・エル
1230,4331,テイクアンドギヴ・ニーズ
1231,4333,東邦システムサイエンス
1232,4334,ユークス
1233,4335,アイ・ピー・エス
1234,4337,ぴあ
1235,4341,西菱電機
1236,4343,イオンファンタジー
1237,4344,ソースネクスト
1238,4345,シーティーエス
1239,4346,ネクシィーズグループ
1240,4347,ブロードメディア
1241,4348,インフォコム
1242,4350,メディカルシステムネットワーク
1243,4351,山田債権回収管理総合事務所
1244,4355,ロングライフホールディング
1245,4356,応用技術
1246,4360,マナック・ケミカル・パートナーズ
1247,4361,川口化学工業
1248,4362,日本精化
1249,4365,松本油脂製薬
1250,4366,ダイトーケミックス
1251,4367,広栄化学
1252,4368,扶桑化学工業
1253,4369,トリケミカル研究所
1254,4370,モビルス
1255,4371,コアコンセプト・テクノロジー
1256,4372,ユミルリンク
1257,4373,シンプレクス・ホールディングス
1258,4374,ＲＯＢＯＴ　ＰＡＹＭＥＮＴ
1259,4375,セーフィー
1260,4376,くふうカンパニー
1261,4377,ワンキャリア
1262,4378,ＣＩＮＣ
1263,4379,Ｐｈｏｔｏｓｙｎｔｈ
1264,4380,Ｍマート
1265,4381,ビープラッツ
1266,4382,ＨＥＲＯＺ
1267,4384,ラクスル
1268,4385,メルカリ
1269,4386,ＳＩＧグループ
1270,4387,ＺＵＵ
1271,4388,エーアイ
1272,4389,プロパティデータバンク
1273,4390,ＩＰＳ
1274,4391,ロジザード
1275,4392,ＦＩＧ
1276,4393,バンク・オブ・イノベーション
1277,4394,エクスモーション
1278,4395,アクリート
1279,4396,システムサポート
1280,4397,チームスピリット
1281,4398,ブロードバンドセキュリティ
1282,4401,ＡＤＥＫＡ
1283,4403,日油
1284,4404,ミヨシ油脂
1285,4406,新日本理化
1286,4409,東邦化学工業
1287,4410,ハリマ化成グループ
1288,4412,サイエンスアーツ
1289,4413,ボードルア
1290,4414,フレクト
1291,4415,ブロードエンタープライズ
1292,4416,Ｔｒｕｅ　Ｄａｔａ
1293,4417,グローバルセキュリティエキスパート
1294,4418,ＪＤＳＣ
1295,4419,Ｆｉｎａｔｅｘｔホールディングス
1296,4420,イーソル
1297,4421,ディ・アイ・システム
1298,4422,ＶＡＬＵＥＮＥＸ
1299,4423,アルテリア・ネットワークス
1300,4424,Ａｍａｚｉａ
1301,4425,Ｋｕｄａｎ
1302,4427,ＥｄｕＬａｂ
1303,4428,シノプス
1304,4429,リックソフト
1305,4430,東海ソフト
1306,4431,スマレジ
1307,4432,ウイングアーク１ｓｔ
1308,4433,ヒト・コミュニケーションズ・ホールディングス
1309,4434,サーバーワークス
1310,4435,カオナビ
1311,4436,ミンカブ・ジ・インフォノイド
1312,4437,ｇｏｏｄｄａｙｓホールディングス
1313,4438,Ｗｅｌｂｙ
1314,4439,東名
1315,4440,ヴィッツ
1316,4441,トビラシステムズ
1317,4442,バルテス
1318,4443,Ｓａｎｓａｎ
1319,4444,インフォネット
1320,4445,リビン・テクノロジーズ
1321,4446,Ｌｉｎｋ−Ｕ
1322,4447,ピー・ビーシステムズ
1323,4448,Ｃｈａｔｗｏｒｋ
1324,4449,ギフティ
1325,4450,パワーソリューションズ
1326,4452,花王
1327,4461,第一工業製薬
1328,4462,石原ケミカル
1329,4463,日華化学
1330,4464,ソフト９９コーポレーション
1331,4465,ニイタカ
1332,4471,三洋化成工業
1333,4475,ＨＥＮＮＧＥ
1334,4476,ＡＩ　ＣＲＯＳＳ
1335,4477,ＢＡＳＥ
1336,4478,フリー
1337,4479,マクアケ
1338,4480,メドレー
1339,4481,ベース
1340,4482,ウィルズ
1341,4483,ＪＭＤＣ
1342,4484,ランサーズ
1343,4485,ＪＴＯＷＥＲ
1344,4486,ユナイトアンドグロウ
1345,4487,スペースマーケット
1346,4488,ＡＩ　ｉｎｓｉｄｅ
1347,4489,ペイロール
1348,4490,ビザスク
1349,4491,コンピューターマネージメント
1350,4492,ゼネテック
1351,4493,サイバーセキュリティクラウド
1352,4494,バリオセキュア
1353,4495,アイキューブドシステムズ
1354,4496,コマースＯｎｅホールディングス
1355,4498,サイバートラスト
1356,4499,Ｓｐｅｅｅ
1357,4502,武田薬品工業
1358,4503,アステラス製薬
1359,4506,住友ファーマ
1360,4507,塩野義製薬
1361,4512,わかもと製薬
1362,4516,日本新薬
1363,4519,中外製薬
1364,4521,科研製薬
1365,4523,エーザイ
1366,4524,森下仁丹
1367,4526,理研ビタミン
1368,4527,ロート製薬
1369,4528,小野薬品工業
1370,4530,久光製薬
1371,4531,有機合成薬品工業
1372,4534,持田製薬
1373,4536,参天製薬
1374,4538,扶桑薬品工業
1375,4539,日本ケミファ
1376,4540,ツムラ
1377,4541,日医工
1378,4543,テルモ
1379,4544,Ｈ．Ｕ．グループホールディングス
1380,4547,キッセイ薬品工業
1381,4548,生化学工業
1382,4549,栄研化学
1383,4550,日水製薬
1384,4551,鳥居薬品
1385,4552,ＪＣＲファーマ
1386,4553,東和薬品
1387,4554,富士製薬工業
1388,4556,カイノス
1389,4558,中京医薬品
1390,4559,ゼリア新薬工業
1391,4563,アンジェス
1392,4564,オンコセラピー・サイエンス
1393,4565,そーせいグループ
1394,4568,第一三共
1395,4569,キョーリン製薬ホールディングス
1396,4570,免疫生物研究所
1397,4571,ナノキャリア
1398,4572,カルナバイオサイエンス
1399,4574,大幸薬品
1400,4575,キャンバス
1401,4576,デ・ウエスタン・セラピテクス研究所
1402,4577,ダイト
1403,4578,大塚ホールディングス
1404,4579,ラクオリア創薬
1405,4581,大正製薬ホールディングス
1406,4582,シンバイオ製薬
1407,4583,カイオム・バイオサイエンス
1408,4584,キッズウェル・バイオ
1409,4586,メドレックス
1410,4587,ペプチドリーム
1411,4588,オンコリスバイオファーマ
1412,4591,リボミック
1413,4592,サンバイオ
1414,4593,ヘリオス
1415,4594,ブライトパス・バイオ
1416,4595,ミズホメディー
1417,4596,窪田製薬ホールディングス
1418,4597,ソレイジア・ファーマ
1419,4598,Ｄｅｌｔａ−Ｆｌｙ　Ｐｈａｒｍａ
1420,4599,ステムリム
1421,4611,大日本塗料
1422,4612,日本ペイントホールディングス
1423,4613,関西ペイント
1424,4615,神東塗料
1425,4616,川上塗料
1426,4617,中国塗料
1427,4619,日本特殊塗料
1428,4620,藤倉化成
1429,4621,ロックペイント
1430,4623,アサヒペン
1431,4624,イサム塗料
1432,4625,アトミクス
1433,4626,太陽ホールディングス
1434,4627,ナトコ
1435,4628,エスケー化研
1436,4629,大伸化学
1437,4631,ＤＩＣ
1438,4633,サカタインクス
1439,4634,東洋インキＳＣホールディングス
1440,4635,東京インキ
1441,4636,Ｔ＆Ｋ　ＴＯＫＡ
1442,4641,アルプス技研
1443,4642,オリジナル設計
1444,4644,イマジニア
1445,4645,市進ホールディングス
1446,4650,ＳＤエンターテイメント
1447,4651,サニックス
1448,4653,ダイオーズ
1449,4657,環境管理センター
1450,4658,日本空調サービス
1451,4659,エイジス
1452,4661,オリエンタルランド
1453,4662,フォーカスシステムズ
1454,4664,アール・エス・シー
1455,4665,ダスキン
1456,4666,パーク２４
1457,4667,アイサンテクノロジー
1458,4668,明光ネットワークジャパン
1459,4671,ファルコホールディングス
1460,4673,川崎地質
1461,4674,クレスコ
1462,4676,フジ・メディア・ホールディングス
1463,4678,秀英予備校
1464,4679,田谷
1465,4680,ラウンドワン
1466,4681,リゾートトラスト
1467,4684,オービック
1468,4685,菱友システムズ
1469,4686,ジャストシステム
1470,4687,ＴＤＣソフト
1471,4689,Ｚホールディングス
1472,4690,日本パレットプール
1473,4691,ワシントンホテル
1474,4694,ビー・エム・エル
1475,4704,トレンドマイクロ
1476,4705,クリップコーポレーション
1477,4707,キタック
1478,4708,りらいあコミュニケーションズ
1479,4709,ＩＤホールディングス
1480,4712,ＫｅｙＨｏｌｄｅｒ
1481,4714,リソー教育
1482,4716,日本オラクル
1483,4718,早稲田アカデミー
1484,4719,アルファシステムズ
1485,4720,城南進学研究社
1486,4722,フューチャー
1487,4725,ＣＡＣ　Ｈｏｌｄｉｎｇｓ
1488,4726,ＳＢテクノロジー
1489,4728,トーセ
1490,4732,ユー・エス・エス
1491,4733,オービックビジネスコンサルタント
1492,4735,京進
1493,4736,日本ラッド
1494,4739,伊藤忠テクノソリューションズ
1495,4743,アイティフォー
1496,4745,東京個別指導学院
1497,4746,東計電算
1498,4748,構造計画研究所
1499,4750,ダイサン
1500,4751,サイバーエージェント
1501,4752,昭和システムエンジニアリング
1502,4754,トスネット
1503,4755,楽天グループ
1504,4760,アルファ
1505,4761,さくらケーシーエス
1506,4762,エックスネット
1507,4763,クリーク・アンド・リバー社
1508,4765,モーニングスター
1509,4766,ピーエイ
1510,4767,テー・オー・ダブリュー
1511,4768,大塚商会
1512,4769,ＩＣ
1513,4770,図研エルミック
1514,4771,エフアンドエム
1515,4772,ストリームメディアコーポレーション
1516,4776,サイボウズ
1517,4777,ガーラ
1518,4781,日本ハウズイング
1519,4783,日本コンピュータ・ダイナミクス
1520,4784,ＧＭＯアドパートナーズ
1521,4792,山田コンサルティンググループ
1522,4800,オリコン
1523,4801,セントラルスポーツ
1524,4809,パラカ
1525,4812,電通国際情報サービス
1526,4813,ＡＣＣＥＳＳ
1527,4814,ネクストウェア
1528,4816,東映アニメーション
1529,4819,デジタルガレージ
1530,4820,イーエムシステムズ
1531,4824,メディアシーク
1532,4825,ウェザーニューズ
1533,4826,ＣＩＪ
1534,4828,ビジネスエンジニアリング
1535,4829,日本エンタープライズ
1536,4832,ＪＦＥシステムズ
1537,4833,Ｓｕｃｃｅｓｓ　Ｈｏｌｄｅｒｓ
1538,4837,シダックス
1539,4838,スペースシャワーネットワーク
1540,4839,ＷＯＷＯＷ
1541,4840,トライアイズ
1542,4845,スカラ
1543,4847,インテリジェント　ウェイブ
1544,4848,フルキャストホールディングス
1545,4849,エン・ジャパン
1546,4880,セルソース
1547,4881,ファンペップ
1548,4882,ペルセウスプロテオミクス
1549,4883,モダリス
1550,4884,クリングルファーマ
1551,4885,室町ケミカル
1552,4886,あすか製薬ホールディングス
1553,4887,サワイグループホールディングス
1554,4888,ステラファーマ
1555,4889,レナサイエンス
1556,4890,坪田ラボ
1557,4901,富士フイルムホールディングス
1558,4902,コニカミノルタ
1559,4911,資生堂
1560,4912,ライオン
1561,4914,高砂香料工業
1562,4917,マンダム
1563,4918,アイビー化粧品
1564,4919,ミルボン
1565,4920,日本色材工業研究所
1566,4921,ファンケル
1567,4922,コーセー
1568,4923,コタ
1569,4925,ハーバー研究所
1570,4926,シーボン
1571,4927,ポーラ・オルビスホールディングス
1572,4928,ノエビアホールディングス
1573,4929,アジュバンホールディングス
1574,4930,グラフィコ
1575,4931,新日本製薬
1576,4932,アルマード
1577,4933,Ｉ−ｎｅ
1578,4934,プレミアアンチエイジング
1579,4935,リベルタ
1580,4936,アクシージア
1581,4937,Ｗａｑｏｏ
1582,4951,エステー
1583,4955,アグロ　カネショウ
1584,4956,コニシ
1585,4957,ヤスハラケミカル
1586,4958,長谷川香料
1587,4960,ケミプロ化成
1588,4963,星光ＰＭＣ
1589,4966,上村工業
1590,4967,小林製薬
1591,4968,荒川化学工業
1592,4970,東洋合成工業
1593,4971,メック
1594,4972,綜研化学
1595,4973,日本高純度化学
1596,4974,タカラバイオ
1597,4975,ＪＣＵ
1598,4976,東洋ドライルーブ
1599,4977,新田ゼラチン
1600,4978,リプロセル
1601,4979,ＯＡＴアグリオ
1602,4980,デクセリアルズ
1603,4985,アース製薬
1604,4987,寺岡製作所
1605,4990,昭和化学工業
1606,4992,北興化学工業
1607,4994,大成ラミック
1608,4996,クミアイ化学工業
1609,4997,日本農薬
1610,4998,フマキラー
1611,5008,東亜石油
1612,5009,富士興産
1613,5010,日本精蝋
1614,5011,ニチレキ
1615,5013,ユシロ化学工業
1616,5015,ビーピー・カストロール
1617,5017,富士石油
1618,5018,ＭＯＲＥＳＣＯ
1619,5019,出光興産
1620,5020,ＥＮＥＯＳホールディングス
1621,5021,コスモエネルギーホールディングス
1622,5025,マーキュリーリアルテックイノベーター
1623,5026,トリプルアイズ
1624,5028,セカンドサイトアナリティカ
1625,5029,サークレイス
1626,5031,モイ
1627,5032,ＡＮＹＣＯＬＯＲ
1628,5033,ヌーラボ
1629,5034,ｕｎｅｒｒｙ
1630,5035,ＨＯＵＳＥＩ
1631,5036,日本ビジネスシステムズ
1632,5038,ｅＷｅＬＬ
1633,5070,ドラフト
1634,5071,ヴィス
1635,5074,テスホールディングス
1636,5076,インフロニア・ホールディングス
1637,5078,セレコーポレーション
1638,5079,ノバック
1639,5101,横浜ゴム
1640,5103,昭和ホールディングス
1641,5104,日東化工
1642,5105,ＴＯＹＯ　ＴＩＲＥ
1643,5108,ブリヂストン
1644,5110,住友ゴム工業
1645,5121,藤倉コンポジット
1646,5122,オカモト
1647,5125,ファインズ
1648,5126,ポーターズ
1649,5127,グッピーズ
1650,5128,ＷＯＷ　ＷＯＲＬＤ　ＧＲＯＵＰ
1651,5129,ＦＩＸＥＲ
1652,5131,リンカーズ
1653,5132,ｐｌｕｓｚｅｒｏ
1654,5142,アキレス
1655,5161,西川ゴム工業
1656,5162,朝日ラバー
1657,5184,ニチリン
1658,5185,フコク
1659,5186,ニッタ
1660,5187,クリエートメディック
1661,5189,櫻護謨
1662,5191,住友理工
1663,5192,三ツ星ベルト
1664,5194,相模ゴム工業
1665,5195,バンドー化学
1666,5199,不二ラテックス
1667,5201,ＡＧＣ
1668,5202,日本板硝子
1669,5204,石塚硝子
1670,5208,有沢製作所
1671,5210,日本山村硝子
1672,5212,不二硝子
1673,5214,日本電気硝子
1674,5216,倉元製作所
1675,5217,テクノクオーツ
1676,5218,オハラ
1677,5232,住友大阪セメント
1678,5233,太平洋セメント
1679,5237,ノザワ
1680,5261,リソルホールディングス
1681,5262,日本ヒューム
1682,5268,旭コンクリート工業
1683,5269,日本コンクリート工業
1684,5271,トーヨーアサノ
1685,5273,三谷セキサン
1686,5277,スパンクリートコーポレーション
1687,5279,日本興業
1688,5280,ヨシコン
1689,5282,ジオスター
1690,5283,高見澤
1691,5284,ヤマウホールディングス
1692,5285,ヤマックス
1693,5287,イトーヨーギョー
1694,5288,アジアパイルホールディングス
1695,5290,ベルテクスコーポレーション
1696,5301,東海カーボン
1697,5302,日本カーボン
1698,5304,ＳＥＣカーボン
1699,5310,東洋炭素
1700,5331,ノリタケカンパニーリミテド
1701,5332,ＴＯＴＯ
1702,5333,日本碍子
1703,5334,日本特殊陶業
1704,5337,ダントーホールディングス
1705,5341,アサヒ衛陶
1706,5344,ＭＡＲＵＷＡ
1707,5351,品川リフラクトリーズ
1708,5352,黒崎播磨
1709,5355,日本坩堝
1710,5357,ヨータイ
1711,5363,東京窯業
1712,5367,ニッカトー
1713,5368,日本インシュレーション
1714,5380,新東
1715,5381,Ｍｉｐｏｘ
1716,5384,フジミインコーポレーテッド
1717,5386,鶴弥
1718,5388,クニミネ工業
1719,5391,エーアンドエーマテリアル
1720,5393,ニチアス
1721,5395,理研コランダム
1722,5401,日本製鉄
1723,5406,神戸製鋼所
1724,5408,中山製鋼所
1725,5410,合同製鐵
1726,5411,ＪＦＥホールディングス
1727,5423,東京製鐵
1728,5440,共英製鋼
1729,5444,大和工業
1730,5445,東京鐵鋼
1731,5446,北越メタル
1732,5449,大阪製鐵
1733,5451,淀川製鋼所
1734,5458,高砂鐵工
1735,5463,丸一鋼管
1736,5464,モリ工業
1737,5471,大同特殊鋼
1738,5476,日本高周波鋼業
1739,5480,日本冶金工業
1740,5481,山陽特殊製鋼
1741,5482,愛知製鋼
1742,5484,東北特殊鋼
1743,5486,日立金属
1744,5491,日本金属
1745,5541,大平洋金属
1746,5542,新報国マテリアル
1747,5563,新日本電工
1748,5602,栗本鐵工所
1749,5603,虹技
1750,5609,日本鋳造
1751,5610,大和重工
1752,5612,日本鋳鉄管
1753,5631,日本製鋼所
1754,5632,三菱製鋼
1755,5644,メタルアート
1756,5658,日亜鋼業
1757,5659,日本精線
1758,5660,神鋼鋼線工業
1759,5695,パウダーテック
1760,5697,サンユウ
1761,5698,エンビプロ・ホールディングス
1762,5699,イボキン
1763,5702,大紀アルミニウム工業所
1764,5703,日本軽金属ホールディングス
1765,5704,ＪＭＣ
1766,5706,三井金属鉱業
1767,5707,東邦亜鉛
1768,5711,三菱マテリアル
1769,5713,住友金属鉱山
1770,5714,ＤＯＷＡホールディングス
1771,5715,古河機械金属
1772,5721,エス・サイエンス
1773,5724,アサカ理研
1774,5726,大阪チタニウムテクノロジーズ
1775,5727,東邦チタニウム
1776,5729,日本精鉱
1777,5741,ＵＡＣＪ
1778,5742,エヌアイシ・オートテック
1779,5753,日本伸銅
1780,5757,ＣＫサンエツ
1781,5759,日本電解
1782,5781,東邦金属
1783,5801,古河電気工業
1784,5802,住友電気工業
1785,5803,フジクラ
1786,5805,昭和電線ホールディングス
1787,5807,東京特殊電線
1788,5809,タツタ電線
1789,5816,オーナンバ
1790,5817,ＪＭＡＣＳ
1791,5819,カナレ電気
1792,5820,三ッ星
1793,5821,平河ヒューテック
1794,5830,いよぎんホールディングス
1795,5831,しずおかフィナンシャルグループ
1796,5832,ちゅうぎんフィナンシャルグループ
1797,5834,ＳＢＩリーシングサービス
1798,5851,リョービ
1799,5852,アーレスティ
1800,5856,エルアイイーエイチ
1801,5857,アサヒホールディングス
1802,5900,ダイケン
1803,5901,東洋製罐グループホールディングス
1804,5902,ホッカンホールディングス
1805,5903,シンポ
1806,5905,日本製罐
1807,5906,エムケー精工
1808,5909,コロナ
1809,5911,横河ブリッジホールディングス
1810,5915,駒井ハルテック
1811,5918,瀧上工業
1812,5921,川岸工業
1813,5922,那須電機鉄工
1814,5923,高田機工
1815,5928,アルメタックス
1816,5929,三和ホールディングス
1817,5930,文化シヤッター
1818,5932,三協立山
1819,5933,アルインコ
1820,5935,元旦ビューティ工業
1821,5936,東洋シヤッター
1822,5938,ＬＩＸＩＬ
1823,5939,大谷工業
1824,5940,不二サッシ
1825,5941,中西製作所
1826,5942,日本フイルコン
1827,5943,ノーリツ
1828,5945,天龍製鋸
1829,5946,長府製作所
1830,5947,リンナイ
1831,5949,ユニプレス
1832,5950,日本パワーファスニング
1833,5951,ダイニチ工業
1834,5952,アマテイ
1835,5955,ヤマシナ
1836,5956,トーソー
1837,5957,日東精工
1838,5958,三洋工業
1839,5959,岡部
1840,5962,浅香工業
1841,5965,フジマック
1842,5966,京都機械工具
1843,5967,ＴＯＮＥ
1844,5969,ロブテックス
1845,5970,ジーテクト
1846,5971,共和工業所
1847,5973,トーアミ
1848,5974,中国工業
1849,5975,東プレ
1850,5976,高周波熱錬
1851,5981,東京製綱
1852,5982,マルゼン
1853,5983,イワブチ
1854,5984,兼房
1855,5985,サンコール
1856,5986,モリテック　スチール
1857,5987,オーネックス
1858,5988,パイオラックス
1859,5989,エイチワン
1860,5990,スーパーツール
1861,5991,日本発條
1862,5992,中央発條
1863,5994,ファインシンター
1864,5997,協立エアテック
1865,5998,アドバネクス
1866,5999,イハラサイエンス
1867,6005,三浦工業
1868,6013,タクマ
1869,6016,ジャパンエンジンコーポレーション
1870,6018,阪神内燃機工業
1871,6022,赤阪鐵工所
1872,6023,ダイハツディーゼル
1873,6026,ＧＭＯ　ＴＥＣＨ
1874,6027,弁護士ドットコム
1875,6028,テクノプロ・ホールディングス
1876,6029,アトラグループ
1877,6030,アドベンチャー
1878,6031,サイジニア
1879,6032,インターワークス
1880,6033,エクストリーム
1881,6034,ＭＲＴ
1882,6035,アイ・アールジャパンホールディングス
1883,6036,ＫｅｅＰｅｒ技研
1884,6037,ファーストロジック
1885,6038,イード
1886,6039,日本動物高度医療センター
1887,6040,日本スキー場開発
1888,6042,ニッキ
1889,6044,三機サービス
1890,6045,レントラックス
1891,6046,リンクバル
1892,6047,Ｇｕｎｏｓｙ
1893,6048,デザインワン・ジャパン
1894,6049,イトクロ
1895,6050,イー・ガーディアン
1896,6054,リブセンス
1897,6055,ジャパンマテリアル
1898,6058,ベクトル
1899,6059,ウチヤマホールディングス
1900,6060,こころネット
1901,6061,ユニバーサル園芸社
1902,6062,チャーム・ケア・コーポレーション
1903,6063,日本エマージェンシーアシスタンス
1904,6067,インパクトホールディングス
1905,6069,トレンダーズ
1906,6070,キャリアリンク
1907,6071,ＩＢＪ
1908,6072,地盤ネットホールディングス
1909,6073,アサンテ
1910,6074,ジェイエスエス
1911,6078,バリューＨＲ
1912,6080,Ｍ＆Ａキャピタルパートナーズ
1913,6081,アライドアーキテクツ
1914,6082,ライドオンエクスプレスホールディングス
1915,6083,ＥＲＩホールディングス
1916,6085,アーキテクツ・スタジオ・ジャパン
1917,6086,シンメンテホールディングス
1918,6087,アビスト
1919,6088,シグマクシス・ホールディングス
1920,6089,ウィルグループ
1921,6090,ヒューマン・メタボローム・テクノロジーズ
1922,6091,ウエスコホールディングス
1923,6092,エンバイオ・ホールディングス
1924,6093,エスクロー・エージェント・ジャパン
1925,6094,フリークアウト・ホールディングス
1926,6095,メドピア
1927,6096,レアジョブ
1928,6098,リクルートホールディングス
1929,6099,エラン
1930,6101,ツガミ
1931,6103,オークマ
1932,6104,芝浦機械
1933,6113,アマダ
1934,6118,アイダエンジニアリング
1935,6121,ＴＡＫＩＳＡＷＡ
1936,6125,岡本工作機械製作所
1937,6131,浜井産業
1938,6134,ＦＵＪＩ
1939,6135,牧野フライス製作所
1940,6136,オーエスジー
1941,6137,小池酸素工業
1942,6138,ダイジェット工業
1943,6140,旭ダイヤモンド工業
1944,6141,ＤＭＧ森精機
1945,6143,ソディック
1946,6144,西部電機
1947,6145,ＮＩＴＴＯＫＵ
1948,6146,ディスコ
1949,6147,ヤマザキ
1950,6149,小田原エンジニアリング
1951,6150,タケダ機械
1952,6151,日東工器
1953,6155,高松機械工業
1954,6156,エーワン精密
1955,6157,日進工具
1956,6158,和井田製作所
1957,6159,ミクロン精密
1958,6161,エスティック
1959,6164,太陽工機
1960,6165,パンチ工業
1961,6166,中村超硬
1962,6167,冨士ダイス
1963,6171,土木管理総合試験所
1964,6172,メタップス
1965,6173,アクアライン
1966,6175,ネットマーケティング
1967,6176,ブランジスタ
1968,6177,ＡｐｐＢａｎｋ
1969,6178,日本郵政
1970,6180,ＧＭＯメディア
1971,6181,タメニー
1972,6182,メタリアル
1973,6183,ベルシステム２４ホールディングス
1974,6184,鎌倉新書
1975,6185,ＳＭＮ
1976,6186,一蔵
1977,6188,富士ソフトサービスビューロ
1978,6189,グローバルキッズＣＯＭＰＡＮＹ
1979,6190,フェニックスバイオ
1980,6191,エアトリ
1981,6192,ハイアス・アンド・カンパニー
1982,6193,バーチャレクス・ホールディングス
1983,6194,アトラエ
1984,6195,ホープ
1985,6196,ストライク
1986,6197,ソラスト
1987,6198,キャリア
1988,6199,セラク
1989,6200,インソース
1990,6201,豊田自動織機
1991,6203,豊和工業
1992,6205,ニデックオーケーケー
1993,6208,石川製作所
1994,6210,東洋機械金属
1995,6217,津田駒工業
1996,6218,エンシュウ
1997,6222,島精機製作所
1998,6226,守谷輸送機工業
1999,6227,ＡＩメカテック
2000,6229,オーケーエム
2001,6230,ＳＡＮＥＩ
2002,6231,木村工機
2003,6232,ＡＣＳＬ
2004,6233,極東産機
2005,6235,オプトラン
2006,6236,ＮＣホールディングス
2007,6237,イワキポンプ
2008,6238,フリュー
2009,6239,ナガオカ
2010,6240,ヤマシンフィルタ
2011,6245,ヒラノテクシード
2012,6246,テクノスマート
2013,6247,日阪製作所
2014,6248,横田製作所
2015,6249,ゲームカード・ジョイコホールディングス
2016,6250,やまびこ
2017,6254,野村マイクロ・サイエンス
2018,6255,エヌ・ピー・シー
2019,6257,藤商事
2020,6258,平田機工
2021,6262,ペガサスミシン製造
2022,6264,マルマエ
2023,6265,コンバム
2024,6266,タツモ
2025,6267,ゼネラルパッカー
2026,6268,ナブテスコ
2027,6269,三井海洋開発
2028,6272,レオン自動機
2029,6273,ＳＭＣ
2030,6276,シリウスビジョン
2031,6277,ホソカワミクロン
2032,6278,ユニオンツール
2033,6279,瑞光
2034,6282,オイレス工業
2035,6284,日精エー・エス・ビー機械
2036,6286,靜甲
2037,6287,サトーホールディングス
2038,6289,技研製作所
2039,6291,日本エアーテック
2040,6292,カワタ
2041,6293,日精樹脂工業
2042,6294,オカダアイヨン
2043,6297,鉱研工業
2044,6298,ワイエイシイホールディングス
2045,6301,小松製作所
2046,6302,住友重機械工業
2047,6303,ササクラ
2048,6305,日立建機
2049,6306,日工
2050,6307,サンセイ
2051,6309,巴工業
2052,6310,井関農機
2053,6312,フロイント産業
2054,6315,ＴＯＷＡ
2055,6316,丸山製作所
2056,6317,北川鉄工所
2057,6319,シンニッタン
2058,6322,タクミナ
2059,6323,ローツェ
2060,6324,ハーモニック・ドライブ・システムズ
2061,6325,タカキタ
2062,6326,クボタ
2063,6327,北川精機
2064,6328,荏原実業
2065,6330,東洋エンジニアリング
2066,6331,三菱化工機
2067,6332,月島機械
2068,6333,帝国電機製作所
2069,6334,明治機械
2070,6335,東京機械製作所
2071,6336,石井表記
2072,6337,テセック
2073,6338,タカトリ
2074,6339,新東工業
2075,6340,澁谷工業
2076,6342,太平製作所
2077,6343,フリージア・マクロス
2078,6345,アイチ　コーポレーション
2079,6346,キクカワエンタープライズ
2080,6347,プラコー
2081,6349,小森コーポレーション
2082,6351,鶴見製作所
2083,6355,住友精密工業
2084,6356,日本ギア工業
2085,6357,三精テクノロジーズ
2086,6358,酒井重工業
2087,6360,東京自働機械製作所
2088,6361,荏原製作所
2089,6362,石井鐵工所
2090,6363,酉島製作所
2091,6364,北越工業
2092,6365,電業社機械製作所
2093,6366,千代田化工建設
2094,6367,ダイキン工業
2095,6368,オルガノ
2096,6369,トーヨーカネツ
2097,6370,栗田工業
2098,6371,椿本チエイン
2099,6373,大同工業
2100,6376,日機装
2101,6378,木村化工機
2102,6379,レイズネクスト
2103,6380,オリエンタルチエン工業
2104,6381,アネスト岩田
2105,6382,トリニティ工業
2106,6383,ダイフク
2107,6384,昭和真空
2108,6387,サムコ
2109,6390,加藤製作所
2110,6391,加地テック
2111,6392,ヤマダコーポレーション
2112,6393,油研工業
2113,6395,タダノ
2114,6396,宇野澤組鐵工所
2115,6400,不二精機
2116,6402,兼松エンジニアリング
2117,6403,水道機工
2118,6405,鈴茂器工
2119,6406,フジテック
2120,6407,ＣＫＤ
2121,6408,小倉クラッチ
2122,6409,キトー
2123,6411,中野冷機
2124,6412,平和
2125,6413,理想科学工業
2126,6416,桂川電機
2127,6417,ＳＡＮＫＹＯ
2128,6418,日本金銭機械
2129,6419,マースグループホールディングス
2130,6420,フクシマガリレイ
2131,6424,高見沢サイバネティックス
2132,6425,ユニバーサルエンターテインメント
2133,6428,オーイズミ
2134,6430,ダイコク電機
2135,6432,竹内製作所
2136,6433,ヒーハイスト
2137,6436,アマノ
2138,6440,ＪＵＫＩ
2139,6444,サンデン
2140,6445,ジャノメ
2141,6448,ブラザー工業
2142,6454,マックス
2143,6455,モリタホールディングス
2144,6457,グローリー
2145,6458,新晃工業
2146,6459,大和冷機工業
2147,6460,セガサミーホールディングス
2148,6461,日本ピストンリング
2149,6462,リケン
2150,6463,ＴＰＲ
2151,6464,ツバキ・ナカシマ
2152,6465,ホシザキ
2153,6466,ＴＶＥ
2154,6467,ニチダイ
2155,6469,放電精密加工研究所
2156,6470,大豊工業
2157,6471,日本精工
2158,6472,ＮＴＮ
2159,6473,ジェイテクト
2160,6474,不二越
2161,6479,ミネベアミツミ
2162,6480,日本トムソン
2163,6481,ＴＨＫ
2164,6482,ユーシン精機
2165,6484,ＫＶＫ
2166,6485,前澤給装工業
2167,6486,イーグル工業
2168,6488,ヨシタケ
2169,6489,前澤工業
2170,6490,日本ピラー工業
2171,6492,岡野バルブ製造
2172,6493,ＮＩＴＴＡＮ
2173,6494,ＮＦＫホールディングス
2174,6495,宮入バルブ製作所
2175,6496,中北製作所
2176,6497,ハマイ
2177,6498,キッツ
2178,6501,日立製作所
2179,6502,東芝
2180,6503,三菱電機
2181,6504,富士電機
2182,6505,東洋電機製造
2183,6506,安川電機
2184,6507,シンフォニアテクノロジー
2185,6508,明電舎
2186,6513,オリジン
2187,6516,山洋電気
2188,6517,デンヨー
2189,6518,三相電機
2190,6521,オキサイド
2191,6522,アスタリスク
2192,6523,ＰＨＣホールディングス
2193,6524,湖北工業
2194,6526,ソシオネクスト
2195,6532,ベイカレント・コンサルティング
2196,6533,Ｏｒｃｈｅｓｔｒａ　Ｈｏｌｄｉｎｇｓ
2197,6535,アイモバイル
2198,6537,ＷＡＳＨハウス
2199,6538,キャリアインデックス
2200,6539,ＭＳ−Ｊａｐａｎ
2201,6540,船場
2202,6542,ＦＣホールディングス
2203,6543,日宣
2204,6544,ジャパンエレベーターサービスホールディングス
2205,6545,インターネットインフィニティー
2206,6546,フルテック
2207,6547,グリーンズ
2208,6548,旅工房
2209,6549,ディーエムソリューションズ
2210,6550,Ｕｎｉｐｏｓ
2211,6551,ツナググループ・ホールディングス
2212,6552,ＧａｍｅＷｉｔｈ
2213,6554,エスユーエス
2214,6555,ＭＳ＆Ｃｏｎｓｕｌｔｉｎｇ
2215,6556,ウェルビー
2216,6557,ＡＩＡＩグループ
2217,6558,クックビズ
2218,6560,エル・ティー・エス
2219,6561,ＨＡＮＡＴＯＵＲ　ＪＡＰＡＮ
2220,6562,ジーニー
2221,6563,みらいワークス
2222,6564,ミダックホールディングス
2223,6565,ＡＢホテル
2224,6566,要興業
2225,6567,ＳＥＲＩＯホールディングス
2226,6568,神戸天然物化学
2227,6569,日総工産
2228,6570,共和コーポレーション
2229,6571,キュービーネットホールディングス
2230,6572,ＲＰＡホールディングス
2231,6573,アジャイルメディア・ネットワーク
2232,6574,コンヴァノ
2233,6577,ベストワンドットコム
2234,6578,エヌリンクス
2235,6579,ログリー
2236,6580,ライトアップ
2237,6584,三櫻工業
2238,6586,マキタ
2239,6588,東芝テック
2240,6590,芝浦メカトロニクス
2241,6592,マブチモーター
2242,6594,日本電産
2243,6597,ＨＰＣシステムズ
2244,6599,エブレン
2245,6612,バルミューダ
2246,6613,ＱＤレーザ
2247,6614,シキノハイテック
2248,6615,ユー・エム・シー・エレクトロニクス
2249,6616,トレックス・セミコンダクター
2250,6617,東光高岳
2251,6618,大泉製作所
2252,6619,ダブル・スコープ
2253,6620,宮越ホールディングス
2254,6622,ダイヘン
2255,6625,ＪＡＬＣＯホールディングス
2256,6626,ＳＥＭＩＴＥＣ
2257,6627,テラプローブ
2258,6629,テクノホライゾン
2259,6630,ヤーマン
2260,6632,ＪＶＣケンウッド
2261,6633,Ｃ＆Ｇシステムズ
2262,6634,ネクスグループ
2263,6635,大日光・エンジニアリング
2264,6637,寺崎電気産業
2265,6638,ミマキエンジニアリング
2266,6640,Ｉ−ＰＥＸ
2267,6641,日新電機
2268,6643,戸上電機製作所
2269,6644,大崎電気工業
2270,6645,オムロン
2271,6647,森尾電機
2272,6648,かわでん
2273,6651,日東工業
2274,6652,ＩＤＥＣ
2275,6653,正興電機製作所
2276,6654,不二電機工業
2277,6656,インスペック
2278,6658,シライ電子工業
2279,6659,メディアリンクス
2280,6662,ユビテック
2281,6663,太洋工業
2282,6664,オプトエレクトロニクス
2283,6666,リバーエレテック
2284,6668,アドテック　プラズマ　テクノロジー
2285,6670,ＭＣＪ
2286,6674,ジーエス・ユアサ　コーポレーション
2287,6675,サクサホールディングス
2288,6676,メルコホールディングス
2289,6677,エスケーエレクトロニクス
2290,6678,テクノメディカ
2291,6694,ズーム
2292,6696,トラース・オン・プロダクト
2293,6698,ヴィスコ・テクノロジーズ
2294,6699,ダイヤモンドエレクトリックホールディングス
2295,6701,日本電気
2296,6702,富士通
2297,6703,沖電気工業
2298,6704,岩崎通信機
2299,6706,電気興業
2300,6707,サンケン電気
2301,6715,ナカヨ
2302,6718,アイホン
2303,6721,ウインテスト
2304,6723,ルネサスエレクトロニクス
2305,6724,セイコーエプソン
2306,6727,ワコム
2307,6728,アルバック
2308,6730,アクセル
2309,6731,ピクセラ
2310,6734,ニューテック
2311,6736,サン電子
2312,6737,ＥＩＺＯ
2313,6740,ジャパンディスプレイ
2314,6741,日本信号
2315,6742,京三製作所
2316,6743,大同信号
2317,6744,能美防災
2318,6745,ホーチキ
2319,6748,星和電機
2320,6750,エレコム
2321,6752,パナソニック　ホールディングス
2322,6753,シャープ
2323,6754,アンリツ
2324,6755,富士通ゼネラル
2325,6757,ＯＳＧコーポレーション
2326,6758,ソニーグループ
2327,6762,ＴＤＫ
2328,6763,帝国通信工業
2329,6768,タムラ製作所
2330,6769,ザインエレクトロニクス
2331,6770,アルプスアルパイン
2332,6771,池上通信機
2333,6772,東京コスモス電機
2334,6775,ＴＢグループ
2335,6776,天昇電気工業
2336,6777,ｓａｎｔｅｃ
2337,6778,アルチザネットワークス
2338,6779,日本電波工業
2339,6785,鈴木
2340,6786,ＲＶＨ
2341,6787,メイコー
2342,6788,日本トリム
2343,6789,ローランド　ディー．ジー．
2344,6794,フォスター電機
2345,6798,ＳＭＫ
2346,6800,ヨコオ
2347,6803,ティアック
2348,6804,ホシデン
2349,6806,ヒロセ電機
2350,6807,日本航空電子工業
2351,6809,ＴＯＡ
2352,6810,マクセル
2353,6814,古野電気
2354,6815,ユニデンホールディングス
2355,6817,スミダコーポレーション
2356,6819,伊豆シャボテンリゾート
2357,6820,アイコム
2358,6822,大井電気
2359,6823,リオン
2360,6824,新コスモス電機
2361,6826,本多通信工業
2362,6832,アオイ電子
2363,6834,精工技研
2364,6835,アライドテレシスホールディングス
2365,6836,ぷらっとホーム
2366,6837,京写
2367,6838,多摩川ホールディングス
2368,6840,ＡＫＩＢＡホールディングス
2369,6841,横河電機
2370,6844,新電元工業
2371,6845,アズビル
2372,6848,東亜ディーケーケー
2373,6849,日本光電工業
2374,6850,チノー
2375,6853,共和電業
2376,6855,日本電子材料
2377,6856,堀場製作所
2378,6857,アドバンテスト
2379,6858,小野測器
2380,6859,エスペック
2381,6861,キーエンス
2382,6862,ミナトホールディングス
2383,6863,ニレコ
2384,6864,エヌエフホールディングス
2385,6866,日置電機
2386,6867,リーダー電子
2387,6869,シスメックス
2388,6870,日本フェンオール
2389,6871,日本マイクロニクス
2390,6874,協立電機
2391,6875,メガチップス
2392,6877,ＯＢＡＲＡ　ＧＲＯＵＰ
2393,6879,ＩＭＡＧＩＣＡ　ＧＲＯＵＰ
2394,6881,キョウデン
2395,6882,三社電機製作所
2396,6888,アクモス
2397,6890,フェローテックホールディングス
2398,6894,パルステック工業
2399,6897,ツインバード
2400,6898,トミタ電機
2401,6899,ＡＳＴＩ
2402,6901,澤藤電機
2403,6902,デンソー
2404,6904,原田工業
2405,6905,コーセル
2406,6907,ジオマテック
2407,6908,イリソ電子工業
2408,6912,菊水ホールディングス
2409,6914,オプテックスグループ
2410,6915,千代田インテグレ
2411,6918,アバールデータ
2412,6919,ケル
2413,6920,レーザーテック
2414,6923,スタンレー電気
2415,6924,岩崎電気
2416,6925,ウシオ電機
2417,6926,岡谷電機産業
2418,6927,ヘリオス　テクノ　ホールディング
2419,6928,エノモト
2420,6929,日本セラミック
2421,6930,日本アンテナ
2422,6932,遠藤照明
2423,6937,古河電池
2424,6938,双信電機
2425,6941,山一電機
2426,6942,ソフィアホールディングス
2427,6943,ＮＫＫスイッチズ
2428,6946,日本アビオニクス
2429,6947,図研
2430,6951,日本電子
2431,6952,カシオ計算機
2432,6954,ファナック
2433,6955,ＦＤＫ
2434,6957,芝浦電子
2435,6958,日本シイエムケイ
2436,6960,フクダ電子
2437,6961,エンプラス
2438,6962,大真空
2439,6963,ローム
2440,6964,サンコー
2441,6965,浜松ホトニクス
2442,6966,三井ハイテック
2443,6967,新光電気工業
2444,6969,松尾電機
2445,6971,京セラ
2446,6973,協栄産業
2447,6976,太陽誘電
2448,6977,日本抵抗器製作所
2449,6981,村田製作所
2450,6982,リード
2451,6986,双葉電子工業
2452,6988,日東電工
2453,6989,北陸電気工業
2454,6993,大黒屋ホールディングス
2455,6994,指月電機製作所
2456,6995,東海理化電機製作所
2457,6996,ニチコン
2458,6997,日本ケミコン
2459,6998,日本タングステン
2460,6999,ＫＯＡ
2461,7003,三井Ｅ＆Ｓホールディングス
2462,7004,日立造船
2463,7011,三菱重工業
2464,7012,川崎重工業
2465,7013,ＩＨＩ
2466,7014,名村造船所
2467,7018,内海造船
2468,7021,ニッチツ
2469,7022,サノヤスホールディングス
2470,7030,スプリックス
2471,7031,インバウンドテック
2472,7033,マネジメントソリューションズ
2473,7034,プロレド・パートナーズ
2474,7035,ａｎｄ　ｆａｃｔｏｒｙ
2475,7036,イーエムネットジャパン
2476,7037,テノ．ホールディングス
2477,7038,フロンティア・マネジメント
2478,7039,ブリッジインターナショナル
2479,7040,サン・ライフホールディング
2480,7041,ＣＲＧホールディングス
2481,7042,アクセスグループ・ホールディングス
2482,7043,アルー
2483,7044,ピアラ
2484,7046,ＴＤＳＥ
2485,7047,ポート
2486,7048,ベルトラ
2487,7049,識学
2488,7050,フロンティアインターナショナル
2489,7057,エヌ・シー・エヌ
2490,7058,共栄セキュリティーサービス
2491,7059,コプロ・ホールディングス
2492,7060,ギークス
2493,7061,日本ホスピスホールディングス
2494,7062,フレアス
2495,7063,Ｂｉｒｄｍａｎ
2496,7064,ハウテレビジョン
2497,7065,ユーピーアール
2498,7066,ピアズ
2499,7067,ブランディングテクノロジー
2500,7068,フィードフォースグループ
2501,7069,サイバー・バズ
2502,7070,ＳＩホールディングス
2503,7071,アンビスホールディングス
2504,7072,インティメート・マージャー
2505,7073,ジェイック
2506,7074,トゥエンティーフォーセブン
2507,7077,ＡＬｉＮＫインターネット
2508,7078,ＩＮＣＬＵＳＩＶＥ
2509,7079,ＷＤＢココ
2510,7080,スポーツフィールド
2511,7081,コーユーレンティア
2512,7082,ジモティー
2513,7083,ＡＨＣグループ
2514,7084,Ｋｉｄｓ　Ｓｍｉｌｅ　Ｈｏｌｄｉｎｇｓ
2515,7085,カーブスホールディングス
2516,7086,きずなホールディングス
2517,7087,ウイルテック
2518,7088,フォーラムエンジニアリング
2519,7089,フォースタートアップス
2520,7090,リグア
2521,7091,リビングプラットフォーム
2522,7092,Ｆａｓｔ　Ｆｉｔｎｅｓｓ　Ｊａｐａｎ
2523,7093,アディッシュ
2524,7094,ＮｅｘＴｏｎｅ
2525,7095,Ｍａｃｂｅｅ　Ｐｌａｎｅｔ
2526,7096,ステムセル研究所
2527,7097,さくらさくプラス
2528,7102,日本車輌製造
2529,7105,三菱ロジスネクスト
2530,7110,クラシコム
2531,7111,ＩＮＥＳＴ
2532,7112,キューブ
2533,7122,近畿車輛
2534,7126,タンゴヤ
2535,7127,一家ホールディングス
2536,7128,フルサト・マルカホールディングス
2537,7129,ミアヘルサホールディングス
2538,7130,ヤマエグループホールディングス
2539,7131,のむら産業
2540,7133,ＨＹＵＧＡ　ＰＲＩＭＡＲＹ　ＣＡＲＥ
2541,7134,クルーバー
2542,7135,ジャパンクラフトホールディングス
2543,7138,ＴＯＲＩＣＯ
2544,7140,ペットゴー
2545,7148,ＦＰＧ
2546,7150,島根銀行
2547,7157,ライフネット生命保険
2548,7161,じもとホールディングス
2549,7162,アストマックス
2550,7164,全国保証
2551,7167,めぶきフィナンシャルグループ
2552,7172,ジャパンインベストメントアドバイザー
2553,7173,東京きらぼしフィナンシャルグループ
2554,7175,今村証券
2555,7177,ＧＭＯフィナンシャルホールディングス
2556,7180,九州フィナンシャルグループ
2557,7181,かんぽ生命保険
2558,7182,ゆうちょ銀行
2559,7183,あんしん保証
2560,7184,富山第一銀行
2561,7185,ヒロセ通商
2562,7186,コンコルディア・フィナンシャルグループ
2563,7187,ジェイリース
2564,7189,西日本フィナンシャルホールディングス
2565,7191,イントラスト
2566,7192,日本モーゲージサービス
2567,7196,Ｃａｓａ
2568,7198,アルヒ
2569,7199,プレミアグループ
2570,7201,日産自動車
2571,7202,いすゞ自動車
2572,7203,トヨタ自動車
2573,7205,日野自動車
2574,7208,カネミツ
2575,7211,三菱自動車工業
2576,7212,エフテック
2577,7213,レシップホールディングス
2578,7214,ＧＭＢ
2579,7215,ファルテック
2580,7217,テイン
2581,7218,田中精密工業
2582,7219,エッチ・ケー・エス
2583,7220,武蔵精密工業
2584,7222,日産車体
2585,7224,新明和工業
2586,7226,極東開発工業
2587,7228,デイトナ
2588,7229,ユタカ技研
2589,7231,トピー工業
2590,7235,東京ラヂエーター製造
2591,7236,ティラド
2592,7238,曙ブレーキ工業
2593,7239,タチエス
2594,7240,ＮＯＫ
2595,7241,フタバ産業
2596,7242,ＫＹＢ
2597,7244,市光工業
2598,7245,大同メタル工業
2599,7246,プレス工業
2600,7247,ミクニ
2601,7250,太平洋工業
2602,7254,ユニバンス
2603,7255,桜井製作所
2604,7256,河西工業
2605,7259,アイシン
2606,7261,マツダ
2607,7264,ムロコーポレーション
2608,7265,エイケン工業
2609,7266,今仙電機製作所
2610,7267,本田技研工業
2611,7268,タツミ
2612,7269,スズキ
2613,7270,ＳＵＢＡＲＵ
2614,7271,安永
2615,7272,ヤマハ発動機
2616,7273,イクヨ
2617,7276,小糸製作所
2618,7277,ＴＢＫ
2619,7278,エクセディ
2620,7279,ハイレックスコーポレーション
2621,7280,ミツバ
2622,7282,豊田合成
2623,7283,愛三工業
2624,7284,盟和産業
2625,7287,日本精機
2626,7291,日本プラスト
2627,7292,村上開明堂
2628,7294,ヨロズ
2629,7296,エフ・シー・シー
2630,7297,カーメイト
2631,7298,八千代工業
2632,7299,フジオーゼックス
2633,7305,新家工業
2634,7309,シマノ
2635,7313,テイ・エス　テック
2636,7314,小田原機器
2637,7315,ＩＪＴＴ
2638,7317,松屋アールアンドディ
2639,7318,セレンディップ・ホールディングス
2640,7320,日本リビング保証
2641,7322,三十三フィナンシャルグループ
2642,7325,アイリックコーポレーション
2643,7326,ＳＢＩインシュアランスグループ
2644,7327,第四北越フィナンシャルグループ
2645,7337,ひろぎんホールディングス
2646,7338,インヴァスト
2647,7339,アイペットホールディングス
2648,7342,ウェルスナビ
2649,7343,ブロードマインド
2650,7345,アイ・パートナーズフィナンシャル
2651,7347,マーキュリアホールディングス
2652,7350,おきなわフィナンシャルグループ
2653,7351,グッドパッチ
2654,7352,Ｂｒａｎｄｉｎｇ　Ｅｎｇｉｎｅｅｒ
2655,7353,ＫＩＹＯラーニング
2656,7354,ダイレクトマーケティングミックス
2657,7356,Ｒｅｔｔｙ
2658,7357,ジオコード
2659,7358,ポピンズ
2660,7359,東京通信
2661,7360,オンデック
2662,7361,ヒューマンクリエイションホールディングス
2663,7362,Ｔ．Ｓ．Ｉ
2664,7363,ベビーカレンダー
2665,7366,ＬＩＴＡＬＩＣＯ
2666,7367,セルム
2667,7368,表示灯
2668,7369,メイホーホールディングス
2669,7370,Ｅｎｊｉｎ
2670,7371,全研本社
2671,7372,デコルテ・ホールディングス
2672,7373,アイドマ・ホールディングス
2673,7374,コンフィデンス
2674,7375,リファインバースグループ
2675,7376,ＢＣＣ
2676,7377,ＤＮホールディングス
2677,7378,アシロ
2678,7379,サーキュレーション
2679,7380,十六フィナンシャルグループ
2680,7381,北國フィナンシャルホールディングス
2681,7383,ネットプロテクションズホールディングス
2682,7384,プロクレアホールディングス
2683,7386,ジャパンワランティサポート
2684,7388,ＦＰパートナー
2685,7389,あいちフィナンシャルグループ
2686,7399,ナンシン
2687,7408,ジャムコ
2688,7412,アトム
2689,7413,創健社
2690,7414,小野建
2691,7416,はるやまホールディングス
2692,7417,南陽
2693,7419,ノジマ
2694,7420,佐鳥電機
2695,7421,カッパ・クリエイト
2696,7422,東邦レマック
2697,7425,初穂商事
2698,7426,山大
2699,7427,エコートレーディング
2700,7433,伯東
2701,7434,オータケ
2702,7435,ナ・デックス
2703,7438,コンドーテック
2704,7442,中山福
2705,7443,横浜魚類
2706,7444,ハリマ共和物産
2707,7445,ライトオン
2708,7446,東北化学薬品
2709,7447,ナガイレーベン
2710,7450,サンデー
2711,7451,三菱食品
2712,7453,良品計画
2713,7455,パリミキホールディングス
2714,7456,松田産業
2715,7458,第一興商
2716,7459,メディパルホールディングス
2717,7460,ヤギ
2718,7461,キムラ
2719,7462,ＣＡＰＩＴＡ
2720,7463,アドヴァングループ
2721,7464,セフテック
2722,7466,ＳＰＫ
2723,7467,萩原電気ホールディングス
2724,7472,鳥羽洋行
2725,7475,アルビス
2726,7476,アズワン
2727,7477,ムラキ
2728,7480,スズデン
2729,7481,尾家産業
2730,7482,シモジマ
2731,7483,ドウシシャ
2732,7486,サンリン
2733,7487,小津産業
2734,7490,日新商事
2735,7494,コナカ
2736,7500,西川計測
2737,7501,ティムコ
2738,7502,プラザクリエイト本社
2739,7504,高速
2740,7505,扶桑電通
2741,7506,ハウス　オブ　ローゼ
2742,7508,Ｇ−７ホールディングス
2743,7509,アイエーグループ
2744,7510,たけびし
2745,7512,イオン北海道
2746,7513,コジマ
2747,7514,ヒマラヤ
2748,7515,マルヨシセンター
2749,7516,コーナン商事
2750,7518,ネットワンシステムズ
2751,7520,エコス
2752,7521,ムサシ
2753,7522,ワタミ
2754,7523,アールビバン
2755,7524,マルシェ
2756,7525,リックス
2757,7527,システムソフト
2758,7531,清和中央ホールディングス
2759,7532,パン・パシフィック・インターナショナルホールディングス
2760,7537,丸文
2761,7538,大水
2762,7539,アイナボホールディングス
2763,7544,スリーエフ
2764,7545,西松屋チェーン
2765,7550,ゼンショーホールディングス
2766,7551,ウェッズ
2767,7552,ハピネット
2768,7554,幸楽苑ホールディングス
2769,7555,大田花き
2770,7559,ジーエフシー
2771,7561,ハークスレイ
2772,7562,安楽亭
2773,7564,ワークマン
2774,7565,萬世電機
2775,7567,栄電子
2776,7570,橋本総業ホールディングス
2777,7571,ヤマノホールディングス
2778,7575,日本ライフライン
2779,7578,ニチリョク
2780,7581,サイゼリヤ
2781,7585,かんなん丸
2782,7590,タカショー
2783,7593,ＶＴホールディングス
2784,7595,アルゴグラフィックス
2785,7596,魚力
2786,7599,ＩＤＯＭ
2787,7600,日本エム・ディ・エム
2788,7601,ポプラ
2789,7602,カーチスホールディングス
2790,7603,マックハウス
2791,7604,梅の花
2792,7605,フジ・コーポレーション
2793,7606,ユナイテッドアローズ
2794,7607,進和
2795,7608,エスケイジャパン
2796,7609,ダイトロン
2797,7610,テイツー
2798,7611,ハイデイ日高
2799,7613,シークス
2800,7614,オーエムツーネットワーク
2801,7615,ＹＵ−ＷＡ　Ｃｒｅａｔｉｏｎ　Ｈｏｌｄｉｎｇｓ
2802,7616,コロワイド
2803,7618,ピーシーデポコーポレーション
2804,7619,田中商事
2805,7621,うかい
2806,7623,サンオータス
2807,7624,ＮａＩＴＯ
2808,7625,グローバルダイニング
2809,7628,オーハシテクニカ
2810,7630,壱番屋
2811,7634,星医療酸器
2812,7635,杉田エース
2813,7636,ハンズマン
2814,7637,白銅
2815,7638,ＮＥＷ　ＡＲＴ　ＨＯＬＤＩＮＧＳ
2816,7640,トップカルチャー
2817,7643,ダイイチ
2818,7646,ＰＬＡＮＴ
2819,7647,音通
2820,7649,スギホールディングス
2821,7670,オーウエル
2822,7671,ＡｍｉｄＡホールディングス
2823,7673,ダイコー通産
2824,7674,ＮＡＴＴＹ　ＳＷＡＮＫＹホールディングス
2825,7676,グッドスピード
2826,7677,ヤシマキザイ
2827,7678,あさくま
2828,7679,薬王堂ホールディングス
2829,7681,レオクラン
2830,7682,浜木綿
2831,7683,ダブルエー
2832,7685,ＢｕｙＳｅｌｌ　Ｔｅｃｈｎｏｌｏｇｉｅｓ
2833,7686,カクヤスグループ
2834,7687,ミクリード
2835,7689,コパ・コーポレーション
2836,7692,アースインフィニティ
2837,7694,いつも
2838,7695,交換できるくん
2839,7698,アイスコ
2840,7701,島津製作所
2841,7702,ＪＭＳ
2842,7705,ジーエルサイエンス
2843,7707,プレシジョン・システム・サイエンス
2844,7709,クボテック
2845,7711,助川電気工業
2846,7713,シグマ光機
2847,7715,長野計器
2848,7716,ナカニシ
2849,7717,ブイ・テクノロジー
2850,7718,スター精密
2851,7719,東京衡機
2852,7721,東京計器
2853,7722,国際計測器
2854,7723,愛知時計電機
2855,7725,インターアクション
2856,7726,黒田精工
2857,7727,オーバル
2858,7729,東京精密
2859,7730,マニー
2860,7731,ニコン
2861,7732,トプコン
2862,7733,オリンパス
2863,7734,理研計器
2864,7735,ＳＣＲＥＥＮホールディングス
2865,7739,キヤノン電子
2866,7740,タムロン
2867,7741,ＨＯＹＡ
2868,7743,シード
2869,7744,ノーリツ鋼機
2870,7745,Ａ＆Ｄホロンホールディングス
2871,7746,岡本硝子
2872,7747,朝日インテック
2873,7749,メディキット
2874,7751,キヤノン
2875,7752,リコー
2876,7760,ＩＭＶ
2877,7762,シチズン時計
2878,7769,リズム
2879,7771,日本精密
2880,7774,ジャパン・ティッシュエンジニアリング
2881,7775,大研医器
2882,7776,セルシード
2883,7777,スリー・ディー・マトリックス
2884,7779,ＣＹＢＥＲＤＹＮＥ
2885,7780,メニコン
2886,7781,平山ホールディングス
2887,7782,シンシア
2888,7791,ドリームベッド
2889,7792,コラントッテ
2890,7793,イメージ・マジック
2891,7794,イーディーピー
2892,7795,ＫＹＯＲＩＴＳＵ
2893,7800,アミファ
2894,7803,ブシロード
2895,7804,ビーアンドピー
2896,7805,プリントネット
2897,7806,ＭＴＧ
2898,7807,幸和製作所
2899,7808,シー・エス・ランバー
2900,7809,壽屋
2901,7810,クロスフォー
2902,7811,中本パックス
2903,7812,クレステック
2904,7813,プラッツ
2905,7814,日本創発グループ
2906,7815,東京ボード工業
2907,7816,スノーピーク
2908,7817,パラマウントベッドホールディングス
2909,7818,トランザクション
2910,7819,粧美堂
2911,7820,ニホンフラッシュ
2912,7821,前田工繊
2913,7822,永大産業
2914,7823,アートネイチャー
2915,7826,フルヤ金属
2916,7827,オービス
2917,7829,サマンサタバサジャパンリミテッド
2918,7831,ウイルコホールディングス
2919,7832,バンダイナムコホールディングス
2920,7833,アイフィスジャパン
2921,7836,アビックス
2922,7837,アールシーコア
2923,7839,ＳＨＯＥＩ
2924,7840,フランスベッドホールディングス
2925,7841,遠藤製作所
2926,7844,マーベラス
2927,7846,パイロットコーポレーション
2928,7847,グラファイトデザイン
2929,7849,スターツ出版
2930,7850,総合商研
2931,7851,カワセコンピュータサプライ
2932,7856,萩原工業
2933,7857,セキ
2934,7859,アルメディオ
2935,7860,エイベックス
2936,7863,平賀
2937,7864,フジシールインターナショナル
2938,7865,ピープル
2939,7867,タカラトミー
2940,7868,広済堂ホールディングス
2941,7871,フクビ化学工業
2942,7872,エステールホールディングス
2943,7874,レック
2944,7875,竹田印刷
2945,7877,永大化工
2946,7878,光・彩
2947,7879,ノダ
2948,7883,サンメッセ
2949,7885,タカノ
2950,7886,ヤマト・インダストリー
2951,7887,南海プライウッド
2952,7888,三光合成
2953,7893,プロネクサス
2954,7895,中央化学
2955,7896,セブン工業
2956,7897,ホクシン
2957,7898,ウッドワン
2958,7899,ＭＩＣＳ化学
2959,7901,マツモト
2960,7902,ソノコム
2961,7905,大建工業
2962,7906,ヨネックス
2963,7908,きもと
2964,7911,凸版印刷
2965,7912,大日本印刷
2966,7914,共同印刷
2967,7915,ＮＩＳＳＨＡ
2968,7916,光村印刷
2969,7917,藤森工業
2970,7918,ヴィア・ホールディングス
2971,7919,野崎印刷紙業
2972,7921,ＴＡＫＡＲＡ　＆　ＣＯＭＰＡＮＹ
2973,7922,三光産業
2974,7923,トーイン
2975,7925,前澤化成工業
2976,7927,ムトー精工
2977,7928,旭化学工業
2978,7931,未来工業
2979,7932,ニッピ
2980,7936,アシックス
2981,7937,ツツミ
2982,7938,リーガルコーポレーション
2983,7939,研創
2984,7940,ウェーブロックホールディングス
2985,7942,ＪＳＰ
2986,7943,ニチハ
2987,7944,ローランド
2988,7946,光陽社
2989,7947,エフピコ
2990,7949,小松ウオール工業
2991,7951,ヤマハ
2992,7952,河合楽器製作所
2993,7953,菊水化学工業
2994,7955,クリナップ
2995,7956,ピジョン
2996,7957,フジコピアン
2997,7958,天馬
2998,7961,兼松サステック
2999,7962,キングジム
3000,7963,興研
3001,7965,象印マホービン
3002,7966,リンテック
3003,7970,信越ポリマー
3004,7971,東リ
3005,7972,イトーキ
3006,7974,任天堂
3007,7975,リヒトラブ
3008,7976,三菱鉛筆
3009,7979,松風
3010,7980,重松製作所
3011,7981,タカラスタンダード
3012,7983,ミロク
3013,7984,コクヨ
3014,7985,ネポン
3015,7986,日本アイ・エス・ケイ
3016,7987,ナカバヤシ
3017,7988,ニフコ
3018,7989,立川ブラインド工業
3019,7990,グローブライド
3020,7991,マミヤ・オーピー
3021,7992,セーラー万年筆
3022,7994,オカムラ
3023,7995,バルカー
3024,7997,くろがね工作所
3025,7999,ＭＵＴＯＨホールディングス
3026,8001,伊藤忠商事
3027,8002,丸紅
3028,8005,スクロール
3029,8006,ユアサ・フナショク
3030,8007,高島
3031,8008,ヨンドシーホールディングス
3032,8011,三陽商会
3033,8012,長瀬産業
3034,8013,ナイガイ
3035,8014,蝶理
3036,8015,豊田通商
3037,8016,オンワードホールディングス
3038,8018,三共生興
3039,8020,兼松
3040,8022,美津濃
3041,8023,大興電子通信
3042,8025,ツカモトコーポレーション
3043,8029,ルックホールディングス
3044,8030,中央魚類
3045,8031,三井物産
3046,8032,日本紙パルプ商事
3047,8035,東京エレクトロン
3048,8037,カメイ
3049,8038,東都水産
3050,8039,築地魚市場
3051,8040,東京ソワール
3052,8041,ＯＵＧホールディングス
3053,8043,スターゼン
3054,8045,横浜丸魚
3055,8046,丸藤シートパイル
3056,8050,セイコーグループ
3057,8051,山善
3058,8052,椿本興業
3059,8053,住友商事
3060,8056,ＢＩＰＲＯＧＹ
3061,8057,内田洋行
3062,8058,三菱商事
3063,8059,第一実業
3064,8060,キヤノンマーケティングジャパン
3065,8061,西華産業
3066,8065,佐藤商事
3067,8066,三谷商事
3068,8068,菱洋エレクトロ
3069,8070,東京産業
3070,8072,日本出版貿易
3071,8074,ユアサ商事
3072,8075,神鋼商事
3073,8077,トルク
3074,8078,阪和興業
3075,8079,正栄食品工業
3076,8081,カナデン
3077,8084,菱電商事
3078,8085,ナラサキ産業
3079,8086,ニプロ
3080,8088,岩谷産業
3081,8089,ナイス
3082,8091,ニチモウ
3083,8093,極東貿易
3084,8095,アステナホールディングス
3085,8096,兼松エレクトロニクス
3086,8097,三愛オブリ
3087,8098,稲畑産業
3088,8101,ＧＳＩクレオス
3089,8103,明和産業
3090,8104,クワザワホールディングス
3091,8105,堀田丸正
3092,8107,キムラタン
3093,8111,ゴールドウイン
3094,8113,ユニ・チャーム
3095,8114,デサント
3096,8115,ムーンバット
3097,8117,中央自動車工業
3098,8118,キング
3099,8119,三栄コーポレーション
3100,8123,川辺
3101,8125,ワキタ
3102,8127,ヤマトインターナショナル
3103,8129,東邦ホールディングス
3104,8130,サンゲツ
3105,8131,ミツウロコグループホールディングス
3106,8132,シナネンホールディングス
3107,8133,伊藤忠エネクス
3108,8135,ゼット
3109,8136,サンリオ
3110,8137,サンワテクノス
3111,8138,三京化成
3112,8139,ナガホリ
3113,8140,リョーサン
3114,8141,新光商事
3115,8142,トーホー
3116,8143,ラピーヌ
3117,8144,デンキョーグループホールディングス
3118,8147,トミタ
3119,8150,三信電気
3120,8151,東陽テクニカ
3121,8152,ソマール
3122,8153,モスフードサービス
3123,8154,加賀電子
3124,8155,三益半導体工業
3125,8157,都築電気
3126,8158,ソーダニッカ
3127,8159,立花エレテック
3128,8160,木曽路
3129,8163,ＳＲＳホールディングス
3130,8165,千趣会
3131,8166,タカキュー
3132,8167,リテールパートナーズ
3133,8168,ケーヨー
3134,8173,上新電機
3135,8174,日本瓦斯
3136,8179,ロイヤルホールディングス
3137,8181,東天紅
3138,8182,いなげや
3139,8185,チヨダ
3140,8194,ライフコーポレーション
3141,8198,マックスバリュ東海
3142,8200,リンガーハット
3143,8202,ラオックスホールディングス
3144,8203,ＭｒＭａｘＨＤ
3145,8207,テンアライド
3146,8208,エンチョー
3147,8209,フレンドリー
3148,8214,ＡＯＫＩホールディングス
3149,8215,銀座山形屋
3150,8217,オークワ
3151,8218,コメリ
3152,8219,青山商事
3153,8225,タカチホ
3154,8226,理経
3155,8227,しまむら
3156,8230,はせがわ
3157,8233,高島屋
3158,8237,松屋
3159,8242,エイチ・ツー・オー　リテイリング
3160,8244,近鉄百貨店
3161,8247,大和
3162,8249,テクノアソシエ
3163,8252,丸井グループ
3164,8253,クレディセゾン
3165,8254,さいか屋
3166,8255,アクシアル　リテイリング
3167,8256,プロルート丸光
3168,8260,井筒屋
3169,8267,イオン
3170,8273,イズミ
3171,8275,フォーバル
3172,8276,平和堂
3173,8278,フジ
3174,8279,ヤオコー
3175,8281,ゼビオホールディングス
3176,8282,ケーズホールディングス
3177,8283,ＰＡＬＴＡＣ
3178,8285,三谷産業
3179,8289,Ｏｌｙｍｐｉｃグループ
3180,8291,日産東京販売ホールディングス
3181,8303,新生銀行
3182,8304,あおぞら銀行
3183,8306,三菱ＵＦＪフィナンシャル・グループ
3184,8308,りそなホールディングス
3185,8309,三井住友トラスト・ホールディングス
3186,8316,三井住友フィナンシャルグループ
3187,8331,千葉銀行
3188,8334,群馬銀行
3189,8336,武蔵野銀行
3190,8337,千葉興業銀行
3191,8338,筑波銀行
3192,8341,七十七銀行
3193,8343,秋田銀行
3194,8344,山形銀行
3195,8345,岩手銀行
3196,8346,東邦銀行
3197,8349,東北銀行
3198,8354,ふくおかフィナンシャルグループ
3199,8358,スルガ銀行
3200,8359,八十二銀行
3201,8360,山梨中央銀行
3202,8361,大垣共立銀行
3203,8362,福井銀行
3204,8364,清水銀行
3205,8365,富山銀行
3206,8366,滋賀銀行
3207,8367,南都銀行
3208,8368,百五銀行
3209,8369,京都銀行
3210,8370,紀陽銀行
3211,8377,ほくほくフィナンシャルグループ
3212,8381,山陰合同銀行
3213,8383,鳥取銀行
3214,8386,百十四銀行
3215,8387,四国銀行
3216,8388,阿波銀行
3217,8392,大分銀行
3218,8393,宮崎銀行
3219,8395,佐賀銀行
3220,8399,琉球銀行
3221,8410,セブン銀行
3222,8411,みずほフィナンシャルグループ
3223,8416,高知銀行
3224,8418,山口フィナンシャルグループ
3225,8424,芙蓉総合リース
3226,8425,みずほリース
3227,8439,東京センチュリー
3228,8462,フューチャーベンチャーキャピタル
3229,8473,ＳＢＩホールディングス
3230,8508,Ｊトラスト
3231,8511,日本証券金融
3232,8515,アイフル
3233,8518,日本アジア投資
3234,8521,長野銀行
3235,8522,名古屋銀行
3236,8524,北洋銀行
3237,8537,大光銀行
3238,8541,愛媛銀行
3239,8542,トマト銀行
3240,8544,京葉銀行
3241,8550,栃木銀行
3242,8551,北日本銀行
3243,8558,東和銀行
3244,8562,福島銀行
3245,8563,大東銀行
3246,8566,リコーリース
3247,8570,イオンフィナンシャルサービス
3248,8572,アコム
3249,8584,ジャックス
3250,8585,オリエントコーポレーション
3251,8591,オリックス
3252,8593,三菱ＨＣキャピタル
3253,8595,ジャフコ　グループ
3254,8596,九州リースサービス
3255,8600,トモニホールディングス
3256,8601,大和証券グループ本社
3257,8604,野村ホールディングス
3258,8609,岡三証券グループ
3259,8613,丸三証券
3260,8614,東洋証券
3261,8616,東海東京フィナンシャル・ホールディングス
3262,8617,光世証券
3263,8622,水戸証券
3264,8624,いちよし証券
3265,8628,松井証券
3266,8630,ＳＯＭＰＯホールディングス
3267,8697,日本取引所グループ
3268,8698,マネックスグループ
3269,8699,ＨＳホールディングス
3270,8700,丸八証券
3271,8704,トレイダーズホールディングス
3272,8705,日産証券グループ
3273,8706,極東証券
3274,8707,岩井コスモホールディングス
3275,8708,アイザワ証券グループ
3276,8713,フィデアホールディングス
3277,8714,池田泉州ホールディングス
3278,8715,アニコム　ホールディングス
3279,8725,ＭＳ＆ＡＤインシュアランスグループホールディングス
3280,8732,マネーパートナーズグループ
3281,8737,あかつき本社
3282,8739,スパークス・グループ
3283,8742,小林洋行
3284,8746,第一商品
3285,8747,豊トラスティ証券
3286,8750,第一生命ホールディングス
3287,8766,東京海上ホールディングス
3288,8769,アドバンテッジリスクマネジメント
3289,8771,イー・ギャランティ
3290,8772,アサックス
3291,8783,ＧＦＡ
3292,8789,フィンテック　グローバル
3293,8793,ＮＥＣキャピタルソリューション
3294,8795,Ｔ＆Ｄホールディングス
3295,8798,アドバンスクリエイト
3296,8801,三井不動産
3297,8802,三菱地所
3298,8803,平和不動産
3299,8804,東京建物
3300,8818,京阪神ビルディング
3301,8830,住友不動産
3302,8835,太平洋興発
3303,8836,ＲＩＳＥ
3304,8841,テーオーシー
3305,8842,東京楽天地
3306,8844,コスモスイニシア
3307,8848,レオパレス２１
3308,8850,スターツコーポレーション
3309,8854,日住サービス
3310,8860,フジ住宅
3311,8864,空港施設
3312,8869,明和地所
3313,8871,ゴールドクレスト
3314,8876,リログループ
3315,8877,エスリード
3316,8881,日神グループホールディングス
3317,8886,ウッドフレンズ
3318,8887,リベレステ
3319,8889,ＡＰＡＭＡＮ
3320,8890,レーサム
3321,8891,ＡＭＧホールディングス
3322,8892,日本エスコン
3323,8893,新日本建物
3324,8894,ＲＥＶＯＬＵＴＩＯＮ
3325,8897,ＭＩＲＡＲＴＨホールディングス
3326,8898,センチュリー２１・ジャパン
3327,8903,サンウッド
3328,8904,ＡＶＡＮＴＩＡ
3329,8905,イオンモール
3330,8908,毎日コムネット
3331,8909,シノケングループ
3332,8912,エリアクエスト
3333,8914,エリアリンク
3334,8917,ファースト住建
3335,8918,ランド
3336,8919,カチタス
3337,8920,東祥
3338,8923,トーセイ
3339,8925,アルデプロ
3340,8927,明豊エンタープライズ
3341,8928,穴吹興産
3342,8929,青山財産ネットワークス
3343,8931,和田興産
3344,8934,サンフロンティア不動産
3345,8935,ＦＪネクストホールディングス
3346,8938,グローム・ホールディングス
3347,8940,インテリックス
3348,8944,ランドビジネス
3349,8945,サンネクスタグループ
3350,8946,ＡＳＩＡＮ　ＳＴＡＲ
3351,8995,誠建設工業
3352,8999,グランディハウス
3353,9001,東武鉄道
3354,9003,相鉄ホールディングス
3355,9005,東急
3356,9006,京浜急行電鉄
3357,9007,小田急電鉄
3358,9008,京王電鉄
3359,9009,京成電鉄
3360,9010,富士急行
3361,9012,秩父鉄道
3362,9017,新潟交通
3363,9020,東日本旅客鉄道
3364,9021,西日本旅客鉄道
3365,9022,東海旅客鉄道
3366,9024,西武ホールディングス
3367,9025,鴻池運輸
3368,9028,ゼロ
3369,9029,ヒガシトゥエンティワン
3370,9031,西日本鉄道
3371,9033,広島電鉄
3372,9034,南総通運
3373,9036,東部ネットワーク
3374,9037,ハマキョウレックス
3375,9039,サカイ引越センター
3376,9041,近鉄グループホールディングス
3377,9042,阪急阪神ホールディングス
3378,9044,南海電気鉄道
3379,9045,京阪ホールディングス
3380,9046,神戸電鉄
3381,9048,名古屋鉄道
3382,9049,京福電気鉄道
3383,9051,センコン物流
3384,9052,山陽電気鉄道
3385,9055,アルプス物流
3386,9057,遠州トラック
3387,9058,トランコム
3388,9059,カンダホールディングス
3389,9060,日本ロジテム
3390,9063,岡山県貨物運送
3391,9064,ヤマトホールディングス
3392,9065,山九
3393,9066,日新
3394,9067,丸運
3395,9068,丸全昭和運輸
3396,9069,センコーグループホールディングス
3397,9070,トナミホールディングス
3398,9072,ニッコンホールディングス
3399,9073,京極運輸商事
3400,9074,日本石油輸送
3401,9075,福山通運
3402,9076,セイノーホールディングス
3403,9078,エスライン
3404,9081,神奈川中央交通
3405,9082,大和自動車交通
3406,9083,神姫バス
3407,9086,日立物流
3408,9087,タカセ
3409,9090,ＡＺ−ＣＯＭ丸和ホールディングス
3410,9099,Ｃ＆Ｆロジホールディングス
3411,9101,日本郵船
3412,9104,商船三井
3413,9107,川崎汽船
3414,9110,ＮＳユナイテッド海運
3415,9115,明治海運
3416,9119,飯野海運
3417,9127,玉井商船
3418,9130,共栄タンカー
3419,9142,九州旅客鉄道
3420,9143,ＳＧホールディングス
3421,9145,ビーイングホールディングス
3422,9147,ＮＩＰＰＯＮ　ＥＸＰＲＥＳＳホールディングス
3423,9171,栗林商船
3424,9173,東海汽船
3425,9193,東京汽船
3426,9201,日本航空
3427,9202,ＡＮＡホールディングス
3428,9206,スターフライヤー
3429,9211,エフ・コード
3430,9212,Ｇｒｅｅｎ　Ｅａｒｔｈ　Ｉｎｓｔｉｔｕｔｅ
3431,9213,セイファート
3432,9214,Ｒｅｃｏｖｅｒｙ　Ｉｎｔｅｒｎａｔｉｏｎａｌ
3433,9215,ＣａＳｙ
3434,9216,ビーウィズ
3435,9218,メンタルヘルステクノロジーズ
3436,9219,ギックス
3437,9220,エフビー介護サービス
3438,9221,フルハシＥＰＯ
3439,9227,マイクロ波化学
3440,9229,サンウェルズ
3441,9232,パスコ
3442,9233,アジア航測
3443,9240,デリバリーコンサルティング
3444,9241,フューチャーリンクネットワーク
3445,9242,メディア総研
3446,9244,デジタリフト
3447,9245,リベロ
3448,9246,プロジェクトカンパニー
3449,9247,ＴＲＥホールディングス
3450,9248,人・夢・技術グループ
3451,9249,日本エコシステム
3452,9250,ＧＲＣＳ
3453,9251,ＡＢ＆Ｃｏｍｐａｎｙ
3454,9252,ラストワンマイル
3455,9253,スローガン
3456,9254,ラバブルマーケティンググループ
3457,9256,サクシード
3458,9258,ＣＳ−Ｃ
3459,9259,タカヨシ
3460,9260,西本Ｗｉｓｍｅｔｔａｃホールディングス
3461,9262,シルバーライフ
3462,9263,ビジョナリーホールディングス
3463,9264,ポエック
3464,9265,ヤマシタヘルスケアホールディングス
3465,9267,Ｇｅｎｋｙ　ＤｒｕｇＳｔｏｒｅｓ
3466,9268,オプティマスグループ
3467,9270,バリュエンスホールディングス
3468,9271,和心
3469,9272,ブティックス
3470,9273,コーア商事ホールディングス
3471,9274,ＫＰＰグループホールディングス
3472,9275,ナルミヤ・インターナショナル
3473,9278,ブックオフグループホールディングス
3474,9279,ギフトホールディングス
3475,9301,三菱倉庫
3476,9302,三井倉庫ホールディングス
3477,9303,住友倉庫
3478,9304,澁澤倉庫
3479,9305,ヤマタネ
3480,9306,東陽倉庫
3481,9307,杉村倉庫
3482,9308,乾汽船
3483,9310,日本トランスシティ
3484,9311,アサガミ
3485,9312,ケイヒン
3486,9313,丸八倉庫
3487,9318,アジア開発キャピタル
3488,9319,中央倉庫
3489,9322,川西倉庫
3490,9324,安田倉庫
3491,9325,ファイズホールディングス
3492,9326,関通
3493,9327,イー・ロジット
3494,9351,東洋埠頭
3495,9353,櫻島埠頭
3496,9355,リンコーコーポレーション
3497,9360,鈴与シンワート
3498,9361,伏木海陸運送
3499,9362,兵機海運
3500,9363,大運
3501,9364,上組
3502,9365,トレーディア
3503,9366,サンリツ
3504,9367,大東港運
3505,9368,キムラユニティー
3506,9369,キユーソー流通システム
3507,9376,ユーラシア旅行社
3508,9377,エージーピー
3509,9380,東海運
3510,9381,エーアイテイー
3511,9384,内外トランスライン
3512,9385,ショーエイコーポレーション
3513,9386,日本コンセプト
3514,9401,ＴＢＳホールディングス
3515,9404,日本テレビホールディングス
3516,9405,朝日放送グループホールディングス
3517,9408,新潟放送
3518,9409,テレビ朝日ホールディングス
3519,9412,スカパーＪＳＡＴホールディングス
3520,9413,テレビ東京ホールディングス
3521,9414,日本ＢＳ放送
3522,9416,ビジョン
3523,9417,スマートバリュー
3524,9418,ＵＳＥＮ−ＮＥＸＴ　ＨＯＬＤＩＮＧＳ
3525,9419,ワイヤレスゲート
3526,9421,エヌジェイホールディングス
3527,9422,コネクシオ
3528,9423,フォーバル・リアルストレート
3529,9424,日本通信
3530,9425,日本テレホン
3531,9428,クロップス
3532,9432,日本電信電話
3533,9433,ＫＤＤＩ
3534,9434,ソフトバンク
3535,9435,光通信
3536,9436,沖縄セルラー電話
3537,9438,エムティーアイ
3538,9439,エム・エイチ・グループ
3539,9441,ベルパーク
3540,9444,トーシンホールディングス
3541,9445,フォーバルテレコム
3542,9446,サカイホールディングス
3543,9449,ＧＭＯインターネットグループ
3544,9450,ファイバーゲート
3545,9466,アイドママーケティングコミュニケーション
3546,9467,アルファポリス
3547,9468,ＫＡＤＯＫＡＷＡ
3548,9470,学研ホールディングス
3549,9474,ゼンリン
3550,9475,昭文社ホールディングス
3551,9476,中央経済社ホールディングス
3552,9478,ＳＥホールディングス・アンド・インキュベーションズ
3553,9479,インプレスホールディングス
3554,9501,東京電力ホールディングス
3555,9502,中部電力
3556,9503,関西電力
3557,9504,中国電力
3558,9505,北陸電力
3559,9506,東北電力
3560,9507,四国電力
3561,9508,九州電力
3562,9509,北海道電力
3563,9511,沖縄電力
3564,9513,電源開発
3565,9514,エフオン
3566,9517,イーレックス
3567,9519,レノバ
3568,9522,リニューアブル・ジャパン
3569,9531,東京瓦斯
3570,9532,大阪瓦斯
3571,9533,東邦瓦斯
3572,9534,北海道瓦斯
3573,9535,広島ガス
3574,9536,西部ガスホールディングス
3575,9537,北陸瓦斯
3576,9539,京葉瓦斯
3577,9543,静岡ガス
3578,9551,メタウォーター
3579,9552,Ｍ＆Ａ総合研究所
3580,9553,マイクロアド
3581,9554,ＡＶｉＣ
3582,9556,ＩＮＴＬＯＯＰ
3583,9557,エアークローゼット
3584,9558,ジャパニアス
3585,9560,プログリット
3586,9561,グラッドキューブ
3587,9562,ビジネスコーチ
3588,9563,Ａｔｌａｓ　Ｔｅｃｈｎｏｌｏｇｉｅｓ
3589,9564,ＦＣＥ　Ｈｏｌｄｉｎｇｓ
3590,9600,アイネット
3591,9601,松竹
3592,9602,東宝
3593,9603,エイチ・アイ・エス
3594,9605,東映
3595,9610,ウィルソン・ラーニング　ワールドワイド
3596,9612,ラックランド
3597,9613,エヌ・ティ・ティ・データ
3598,9616,共立メンテナンス
3599,9619,イチネンホールディングス
3600,9621,建設技術研究所
3601,9622,スペース
3602,9625,セレスポ
3603,9627,アインホールディングス
3604,9628,燦ホールディングス
3605,9629,ピー・シー・エー
3606,9631,東急レクリエーション
3607,9632,スバル興業
3608,9633,東京テアトル
3609,9635,武蔵野興業
3610,9636,きんえい
3611,9637,オーエス
3612,9639,三協フロンテア
3613,9640,セゾン情報システムズ
3614,9644,タナベコンサルティンググループ
3615,9647,協和コンサルタンツ
3616,9651,日本プロセス
3617,9656,グリーンランドリゾート
3618,9658,ビジネスブレイン太田昭和
3619,9661,歌舞伎座
3620,9663,ナガワ
3621,9672,東京都競馬
3622,9675,常磐興産
3623,9678,カナモト
3624,9679,ホウライ
3625,9682,ＤＴＳ
3626,9684,スクウェア・エニックス・ホールディングス
3627,9685,ＫＹＣＯＭホールディングス
3628,9686,東洋テック
3629,9687,ＫＳＫ
3630,9691,両毛システムズ
3631,9692,シーイーシー
3632,9696,ウィザス
3633,9697,カプコン
3634,9698,クレオ
3635,9699,西尾レントオール
3636,9701,東京會舘
3637,9702,アイ・エス・ビー
3638,9704,アゴーラ　ホスピタリティー　グループ
3639,9706,日本空港ビルデング
3640,9708,帝国ホテル
3641,9709,ＮＣＳ＆Ａ
3642,9713,ロイヤルホテル
3643,9715,トランス・コスモス
3644,9716,乃村工藝社
3645,9717,ジャステック
3646,9719,ＳＣＳＫ
3647,9720,ホテル、ニューグランド
3648,9722,藤田観光
3649,9723,京都ホテル
3650,9726,ＫＮＴ−ＣＴホールディングス
3651,9728,日本管財
3652,9729,トーカイ
3653,9731,白洋舎
3654,9733,ナガセ
3655,9734,精養軒
3656,9735,セコム
3657,9739,ＮＳＷ
3658,9740,セントラル警備保障
3659,9742,アイネス
3660,9743,丹青社
3661,9744,メイテック
3662,9746,ＴＫＣ
3663,9749,富士ソフト
3664,9753,アイエックス・ナレッジ
3665,9755,応用地質
3666,9757,船井総研ホールディングス
3667,9759,ＮＳＤ
3668,9760,進学会ホールディングス
3669,9761,東海リース
3670,9763,丸紅建材リース
3671,9765,オオバ
3672,9766,コナミグループ
3673,9767,日建工学
3674,9768,いであ
3675,9769,学究社
3676,9776,札幌臨床検査センター
3677,9778,昴
3678,9780,ハリマビステム
3679,9782,ディーエムエス
3680,9783,ベネッセホールディングス
3681,9787,イオンディライト
3682,9788,ナック
3683,9790,福井コンピュータホールディングス
3684,9791,ビケンテクノ
3685,9793,ダイセキ
3686,9795,ステップ
3687,9799,旭情報サービス
3688,9810,日鉄物産
3689,9812,テーオーホールディングス
3690,9816,ストライダーズ
3691,9818,大丸エナウィン
3692,9820,エムティジェネックス
3693,9823,マミーマート
3694,9824,泉州電業
3695,9827,リリカラ
3696,9828,元気寿司
3697,9830,トラスコ中山
3698,9831,ヤマダホールディングス
3699,9832,オートバックスセブン
3700,9835,ジュンテンドー
3701,9837,モリト
3702,9842,アークランズ
3703,9843,ニトリホールディングス
3704,9845,パーカーコーポレーション
3705,9846,天満屋ストア
3706,9849,共同紙販ホールディングス
3707,9850,グルメ杵屋
3708,9852,ＣＢグループマネジメント
3709,9853,銀座ルノアール
3710,9854,愛眼
3711,9856,ケーユーホールディングス
3712,9857,英和
3713,9861,吉野家ホールディングス
3714,9867,ソレキア
3715,9869,加藤産業
3716,9872,北恵
3717,9873,日本ＫＦＣホールディングス
3718,9876,コックス
3719,9878,セキド
3720,9880,イノテック
3721,9882,イエローハット
3722,9885,シャルレ
3723,9887,松屋フーズホールディングス
3724,9888,ＵＥＸ
3725,9889,ＪＢＣＣホールディングス
3726,9890,マキヤ
3727,9895,コンセック
3728,9896,ＪＫホールディングス
3729,9900,サガミホールディングス
3730,9902,日伝
3731,9903,カンセキ
3732,9904,ベリテ
3733,9906,藤井産業
3734,9908,日本電計
3735,9913,日邦産業
3736,9914,植松商会
3737,9919,関西フードマーケット
3738,9927,ワットマン
3739,9928,ミロク情報サービス
3740,9929,平和紙業
3741,9930,北沢産業
3742,9932,杉本商事
3743,9934,因幡電機産業
3744,9936,王将フードサービス
3745,9941,太洋物産
3746,9945,プレナス
3747,9946,ミニストップ
3748,9948,アークス
3749,9950,ハチバン
3750,9955,ヨンキュウ
3751,9956,バローホールディングス
3752,9959,アシードホールディングス
3753,9960,東テク
3754,9962,ミスミグループ本社
3755,9964,アイ・テック
3756,9967,堺商事
3757,9969,ショクブン
3758,9972,アルテック
3759,9973,小僧寿し
3760,9974,ベルク
3761,9976,セキチュー
3762,9977,アオキスーパー
3763,9978,文教堂グループホールディングス
3764,9979,大庄
3765,9980,ＭＲＫホールディングス
3766,9982,タキヒヨー
3767,9983,ファーストリテイリング
3768,9984,ソフトバンクグループ
3769,9986,蔵王産業
3770,9987,スズケン
3771,9989,サンドラッグ
3772,9990,サックスバー　ホールディングス
3773,9991,ジェコス
3774,9993,ヤマザワ
3775,9994,やまや
3776,9995,グローセル
3777,9996,サトー商会
3778,9997,ベルーナ
